/*******************************************************************************
 * Size: 14 px
 * Bpp: 4
 * Opts: --bpp 4 --size 14 --no-compress --font fonts\Font Awesome 7 Free-Regular-400.otf --range 0xF000-0xF8FF --format lvgl
 ******************************************************************************/

#ifdef __has_include
    #if __has_include("lvgl.h")
        #ifndef LV_LVGL_H_INCLUDE_SIMPLE
            #define LV_LVGL_H_INCLUDE_SIMPLE
        #endif
    #endif
#endif

#ifdef LV_LVGL_H_INCLUDE_SIMPLE
    #include "lvgl.h"
#else
    #include "lvgl.h"
#endif

#ifndef UI_FONT_AWSOME
#define UI_FONT_AWSOME 1
#endif

#if UI_FONT_AWSOME

/*-----------------
 *    BITMAPS
 *----------------*/

/*Store the image of the glyphs*/
static LV_ATTRIBUTE_LARGE_CONST const uint8_t glyph_bitmap[] = {
    /* U+F003 "" */
    0x4, 0x55, 0x55, 0x55, 0x55, 0x55, 0x40, 0xaf,
    0xff, 0xff, 0xff, 0xff, 0xff, 0xfa, 0xf8, 0x0,
    0x0, 0x0, 0x0, 0x0, 0x8f, 0xff, 0xa0, 0x0,
    0x0, 0x0, 0xa, 0xff, 0xf8, 0xed, 0x20, 0x0,
    0x2, 0xde, 0x8f, 0xf4, 0x1b, 0xf6, 0x0, 0x6f,
    0xb1, 0x4f, 0xf4, 0x0, 0x7f, 0xcc, 0xf7, 0x0,
    0x4f, 0xf4, 0x0, 0x2, 0x88, 0x20, 0x0, 0x4f,
    0xf4, 0x0, 0x0, 0x0, 0x0, 0x0, 0x4f, 0xf9,
    0x44, 0x44, 0x44, 0x44, 0x44, 0x9f, 0x6f, 0xff,
    0xff, 0xff, 0xff, 0xff, 0xf6,

    /* U+F004 "" */
    0x0, 0x25, 0x20, 0x0, 0x2, 0x52, 0x0, 0x9,
    0xff, 0xfc, 0x11, 0xcf, 0xff, 0x90, 0x7f, 0x40,
    0x2d, 0xdd, 0xd2, 0x4, 0xf7, 0xd7, 0x0, 0x1,
    0xee, 0x10, 0x0, 0x7d, 0xf5, 0x0, 0x0, 0x33,
    0x0, 0x0, 0x5f, 0xc8, 0x0, 0x0, 0x0, 0x0,
    0x0, 0x9c, 0x7e, 0x10, 0x0, 0x0, 0x0, 0x1,
    0xf7, 0xd, 0xb0, 0x0, 0x0, 0x0, 0xb, 0xd0,
    0x3, 0xf8, 0x0, 0x0, 0x0, 0x8f, 0x30, 0x0,
    0x5f, 0x70, 0x0, 0x7, 0xf5, 0x0, 0x0, 0x6,
    0xf8, 0x0, 0x7f, 0x60, 0x0, 0x0, 0x0, 0x6f,
    0xba, 0xf6, 0x0, 0x0, 0x0, 0x0, 0x3, 0xbb,
    0x30, 0x0, 0x0,

    /* U+F005 "" */
    0x0, 0x0, 0x0, 0x0, 0x0, 0x0, 0x0, 0x0,
    0x0, 0x0, 0x0, 0xc, 0x90, 0x0, 0x0, 0x0,
    0x0, 0x0, 0x0, 0x5f, 0xf2, 0x0, 0x0, 0x0,
    0x0, 0x0, 0x0, 0xd9, 0xd9, 0x0, 0x0, 0x0,
    0x0, 0x0, 0x6, 0xf1, 0x5f, 0x20, 0x0, 0x0,
    0x3, 0x68, 0xbf, 0x90, 0xd, 0xea, 0x75, 0x20,
    0x7f, 0xfc, 0xa7, 0x0, 0x2, 0x8a, 0xdf, 0xf4,
    0x1d, 0xd1, 0x0, 0x0, 0x0, 0x0, 0x3f, 0xa0,
    0x1, 0xdd, 0x10, 0x0, 0x0, 0x3, 0xfa, 0x0,
    0x0, 0x1d, 0xc0, 0x0, 0x0, 0x1f, 0xa0, 0x0,
    0x0, 0x6, 0xf0, 0x0, 0x0, 0x2f, 0x20, 0x0,
    0x0, 0x8, 0xc0, 0x1, 0x0, 0xf, 0x40, 0x0,
    0x0, 0xb, 0xa1, 0x9f, 0xe7, 0xe, 0x70, 0x0,
    0x0, 0xd, 0xdf, 0xd5, 0x7e, 0xee, 0x90, 0x0,
    0x0, 0xf, 0xd6, 0x0, 0x1, 0x8f, 0xb0, 0x0,
    0x0, 0x1, 0x0, 0x0, 0x0, 0x0, 0x10, 0x0,

    /* U+F006 "" */
    0x0, 0x0, 0x0, 0x0, 0x0, 0x0, 0x0, 0x0,
    0x0, 0x0, 0x0, 0xc, 0x90, 0x0, 0x0, 0x0,
    0x0, 0x0, 0x0, 0x5f, 0xf2, 0x0, 0x0, 0x0,
    0x0, 0x0, 0x0, 0xd9, 0xd9, 0x0, 0x0, 0x0,
    0x0, 0x0, 0x6, 0xf1, 0x5f, 0x20, 0x0, 0x0,
    0x3, 0x68, 0xbf, 0x90, 0xd, 0xea, 0x75, 0x20,
    0x7f, 0xfc, 0xa7, 0x0, 0x2, 0x8a, 0xdf, 0xf4,
    0x1d, 0xd1, 0x0, 0x0, 0x0, 0x0, 0x3f, 0xa0,
    0x1, 0xdd, 0x10, 0x0, 0x0, 0x3, 0xfa, 0x0,
    0x0, 0x1d, 0xc0, 0x0, 0x0, 0x1f, 0xa0, 0x0,
    0x0, 0x6, 0xf0, 0x0, 0x0, 0x2f, 0x20, 0x0,
    0x0, 0x8, 0xc0, 0x1, 0x0, 0xf, 0x40, 0x0,
    0x0, 0xb, 0xa1, 0x9f, 0xe7, 0xe, 0x70, 0x0,
    0x0, 0xd, 0xdf, 0xd5, 0x7e, 0xee, 0x90, 0x0,
    0x0, 0xf, 0xd6, 0x0, 0x1, 0x8f, 0xb0, 0x0,
    0x0, 0x1, 0x0, 0x0, 0x0, 0x0, 0x10, 0x0,

    /* U+F007 "" */
    0x0, 0x0, 0x1, 0x20, 0x0, 0x0, 0x0, 0x0,
    0x2c, 0xff, 0xd3, 0x0, 0x0, 0x0, 0xc, 0xc3,
    0x2a, 0xe1, 0x0, 0x0, 0x3, 0xf2, 0x0, 0xe,
    0x60, 0x0, 0x0, 0x5f, 0x0, 0x0, 0xd7, 0x0,
    0x0, 0x2, 0xf5, 0x0, 0x2f, 0x40, 0x0, 0x0,
    0x8, 0xf9, 0x8e, 0xb0, 0x0, 0x0, 0x0, 0x6,
    0xbc, 0x70, 0x0, 0x0, 0x0, 0x0, 0x0, 0x0,
    0x0, 0x0, 0x0, 0x4, 0xae, 0xff, 0xeb, 0x60,
    0x0, 0x8, 0xfa, 0x65, 0x56, 0x9f, 0xc0, 0x4,
    0xf5, 0x0, 0x0, 0x0, 0x2e, 0x80, 0xba, 0x0,
    0x0, 0x0, 0x0, 0x6f, 0xe, 0x60, 0x0, 0x0,
    0x0, 0x2, 0xf2, 0x92, 0x0, 0x0, 0x0, 0x0,
    0x9, 0x10,

    /* U+F014 "" */
    0x0, 0x1, 0xab, 0xbb, 0x30, 0x0, 0x0, 0x0,
    0x8f, 0xff, 0xfc, 0x0, 0x0, 0xcf, 0xff, 0xff,
    0xff, 0xff, 0xfe, 0x24, 0x55, 0x55, 0x55, 0x55,
    0x55, 0x50, 0x1, 0x0, 0x0, 0x0, 0x0, 0x10,
    0x1, 0xf2, 0x0, 0x0, 0x0, 0xe, 0x50, 0x1f,
    0x20, 0xd2, 0xd, 0x30, 0xe5, 0x1, 0xf2, 0xf,
    0x30, 0xf4, 0xe, 0x50, 0x1f, 0x20, 0xf3, 0xf,
    0x40, 0xe5, 0x1, 0xf2, 0xf, 0x30, 0xf4, 0xe,
    0x50, 0x1f, 0x20, 0xf3, 0xf, 0x40, 0xe5, 0x1,
    0xf2, 0xf, 0x30, 0xe3, 0xe, 0x50, 0x1f, 0x20,
    0x0, 0x0, 0x0, 0xe5, 0x1, 0xf9, 0x55, 0x55,
    0x55, 0x6f, 0x40, 0x7, 0xef, 0xff, 0xff, 0xff,
    0xa0, 0x0,

    /* U+F015 "" */
    0x0, 0x0, 0x0, 0x1, 0x0, 0x0, 0x0, 0x0,
    0x0, 0x0, 0x5, 0xfc, 0x0, 0x0, 0x0, 0x0,
    0x0, 0x7, 0xf9, 0xed, 0x10, 0x0, 0x0, 0x0,
    0x8, 0xf6, 0x1, 0xde, 0x20, 0x0, 0x0, 0xa,
    0xf5, 0x0, 0x1, 0xce, 0x30, 0x0, 0xb, 0xf4,
    0x0, 0x0, 0x0, 0xbf, 0x40, 0xc, 0xf6, 0x0,
    0x0, 0x0, 0x0, 0xef, 0x51, 0xaf, 0x60, 0x0,
    0x0, 0x0, 0xe, 0xc6, 0x0, 0xe6, 0x0, 0x35,
    0x51, 0x0, 0xe6, 0x0, 0xe, 0x60, 0x7f, 0xff,
    0xe1, 0xe, 0x60, 0x0, 0xe6, 0xe, 0x70, 0x1f,
    0x50, 0xe6, 0x0, 0xe, 0x60, 0xe6, 0x0, 0xe6,
    0xe, 0x60, 0x0, 0xe6, 0xe, 0x60, 0xe, 0x60,
    0xe6, 0x0, 0xd, 0xb5, 0xf9, 0x55, 0xf9, 0x6f,
    0x50, 0x0, 0x4d, 0xff, 0xff, 0xff, 0xff, 0xa0,
    0x0,

    /* U+F016 "" */
    0x3, 0x44, 0x43, 0x0, 0x0, 0x9, 0xff, 0xff,
    0xfb, 0x0, 0x0, 0xf7, 0x11, 0x3f, 0xeb, 0x0,
    0xf, 0x50, 0x3, 0xf3, 0xdb, 0x0, 0xf5, 0x0,
    0x2f, 0x31, 0xda, 0xf, 0x50, 0x0, 0xcf, 0xff,
    0xf4, 0xf5, 0x0, 0x0, 0x45, 0x5f, 0x6f, 0x50,
    0x0, 0x0, 0x0, 0xe6, 0xf5, 0x0, 0x0, 0x0,
    0xe, 0x6f, 0x50, 0x0, 0x0, 0x0, 0xe6, 0xf5,
    0x0, 0x0, 0x0, 0xe, 0x6f, 0x50, 0x0, 0x0,
    0x0, 0xe6, 0xf5, 0x0, 0x0, 0x0, 0xe, 0x6e,
    0xa5, 0x55, 0x55, 0x56, 0xf5, 0x5e, 0xff, 0xff,
    0xff, 0xfa, 0x0,

    /* U+F017 "" */
    0x0, 0x0, 0x1, 0x32, 0x0, 0x0, 0x0, 0x0,
    0x3, 0xcf, 0xff, 0xf9, 0x0, 0x0, 0x0, 0x8f,
    0xa5, 0x23, 0x6e, 0xd3, 0x0, 0x7, 0xf5, 0x0,
    0x51, 0x0, 0xae, 0x10, 0x2f, 0x60, 0x0, 0xd6,
    0x0, 0xd, 0xa0, 0x9d, 0x0, 0x0, 0xd6, 0x0,
    0x4, 0xf2, 0xd8, 0x0, 0x0, 0xd6, 0x0, 0x0,
    0xf6, 0xf6, 0x0, 0x0, 0xd9, 0x0, 0x0, 0xd8,
    0xe7, 0x0, 0x0, 0x6f, 0xc2, 0x0, 0xe7, 0xca,
    0x0, 0x0, 0x2, 0xce, 0x1, 0xf5, 0x7e, 0x10,
    0x0, 0x0, 0x2, 0x7, 0xf0, 0xd, 0xa0, 0x0,
    0x0, 0x0, 0x2f, 0x60, 0x3, 0xfb, 0x10, 0x0,
    0x5, 0xeb, 0x0, 0x0, 0x2d, 0xfb, 0x89, 0xdf,
    0x80, 0x0, 0x0, 0x0, 0x6b, 0xdc, 0x93, 0x0,
    0x0,

    /* U+F01A "" */
    0x0, 0x0, 0x1, 0x33, 0x10, 0x0, 0x0, 0x0,
    0x2, 0xbf, 0xff, 0xfb, 0x20, 0x0, 0x0, 0x7f,
    0xb5, 0x22, 0x5b, 0xf7, 0x0, 0x6, 0xf6, 0x0,
    0x0, 0x0, 0x6f, 0x60, 0x1f, 0x70, 0x0, 0xa9,
    0x0, 0x7, 0xf1, 0x9d, 0x0, 0x0, 0xed, 0x0,
    0x0, 0xd9, 0xd9, 0x0, 0x0, 0xed, 0x0, 0x0,
    0x9d, 0xf6, 0x0, 0x22, 0xed, 0x22, 0x0, 0x6f,
    0xe7, 0x2, 0xff, 0xff, 0xfe, 0x10, 0x7e, 0xca,
    0x0, 0x3f, 0xff, 0xe2, 0x0, 0xac, 0x6f, 0x10,
    0x3, 0xee, 0x20, 0x1, 0xf6, 0xc, 0xb0, 0x0,
    0x21, 0x0, 0xb, 0xc0, 0x2, 0xfc, 0x20, 0x0,
    0x2, 0xcf, 0x20, 0x0, 0x2c, 0xfc, 0x88, 0xcf,
    0xc2, 0x0, 0x0, 0x0, 0x5a, 0xcc, 0xa5, 0x0,
    0x0,

    /* U+F01B "" */
    0x0, 0x0, 0x1, 0x33, 0x10, 0x0, 0x0, 0x0,
    0x2, 0xbf, 0xff, 0xfb, 0x20, 0x0, 0x0, 0x7f,
    0xb5, 0x22, 0x5b, 0xf7, 0x0, 0x6, 0xf6, 0x0,
    0x0, 0x0, 0x6f, 0x60, 0x1f, 0x70, 0x0, 0xa8,
    0x0, 0x7, 0xf1, 0x9d, 0x0, 0xa, 0xff, 0x90,
    0x0, 0xd9, 0xd9, 0x0, 0xaf, 0xff, 0xf9, 0x0,
    0x9d, 0xf6, 0x2, 0xbb, 0xff, 0xbb, 0x10, 0x6f,
    0xe7, 0x0, 0x0, 0xed, 0x0, 0x0, 0x7e, 0xca,
    0x0, 0x0, 0xed, 0x0, 0x0, 0xac, 0x6f, 0x10,
    0x0, 0xec, 0x0, 0x1, 0xf6, 0xc, 0xb0, 0x0,
    0x21, 0x0, 0xb, 0xc0, 0x2, 0xfc, 0x20, 0x0,
    0x2, 0xcf, 0x20, 0x0, 0x2c, 0xfc, 0x88, 0xcf,
    0xc2, 0x0, 0x0, 0x0, 0x5a, 0xcc, 0xa5, 0x0,
    0x0,

    /* U+F01D "" */
    0x0, 0x0, 0x1, 0x33, 0x10, 0x0, 0x0, 0x0,
    0x2, 0xbf, 0xff, 0xfb, 0x20, 0x0, 0x0, 0x7f,
    0xb5, 0x22, 0x5b, 0xf7, 0x0, 0x6, 0xf6, 0x0,
    0x0, 0x0, 0x6f, 0x60, 0x1f, 0x70, 0x2, 0x0,
    0x0, 0x7, 0xf1, 0x9d, 0x0, 0x2f, 0xc3, 0x0,
    0x0, 0xd9, 0xd9, 0x0, 0x2f, 0xdf, 0x91, 0x0,
    0x9d, 0xf6, 0x0, 0x2f, 0x26, 0xfd, 0x0, 0x6f,
    0xe7, 0x0, 0x2f, 0x5d, 0xf7, 0x0, 0x7e, 0xca,
    0x0, 0x2f, 0xfb, 0x20, 0x0, 0xac, 0x6f, 0x10,
    0x1b, 0x40, 0x0, 0x1, 0xf6, 0xc, 0xb0, 0x0,
    0x0, 0x0, 0xb, 0xc0, 0x2, 0xfc, 0x20, 0x0,
    0x2, 0xcf, 0x20, 0x0, 0x2c, 0xfc, 0x88, 0xcf,
    0xc2, 0x0, 0x0, 0x0, 0x5a, 0xcc, 0xa5, 0x0,
    0x0,

    /* U+F022 "" */
    0x4, 0x55, 0x55, 0x55, 0x55, 0x55, 0x40, 0xbf,
    0xff, 0xff, 0xff, 0xff, 0xff, 0xfb, 0xf6, 0x0,
    0x0, 0x0, 0x0, 0x0, 0x6f, 0xf5, 0x8, 0x20,
    0x67, 0x77, 0x61, 0x5f, 0xf5, 0x1f, 0x51, 0xde,
    0xee, 0xd4, 0x5f, 0xf5, 0x0, 0x0, 0x0, 0x0,
    0x0, 0x5f, 0xf5, 0x4, 0x0, 0x12, 0x22, 0x20,
    0x5f, 0xf5, 0x2f, 0x62, 0xff, 0xff, 0xf5, 0x5f,
    0xf5, 0x4, 0x0, 0x12, 0x22, 0x20, 0x5f, 0xf9,
    0x55, 0x55, 0x55, 0x55, 0x55, 0x9f, 0x6f, 0xff,
    0xff, 0xff, 0xff, 0xff, 0xf6,

    /* U+F024 "" */
    0x0, 0x0, 0x0, 0x0, 0x0, 0x0, 0xf, 0x40,
    0x35, 0x50, 0x0, 0x0, 0x10, 0xfd, 0xff, 0xef,
    0xfc, 0x9a, 0xef, 0x2f, 0xb5, 0x10, 0x5, 0xac,
    0xc8, 0xf3, 0xf4, 0x0, 0x0, 0x0, 0x0, 0xf,
    0x3f, 0x40, 0x0, 0x0, 0x0, 0x0, 0xf3, 0xf4,
    0x0, 0x0, 0x0, 0x0, 0xf, 0x3f, 0x40, 0x0,
    0x0, 0x0, 0x0, 0xf3, 0xf4, 0x0, 0x0, 0x0,
    0x0, 0xf, 0x3f, 0x52, 0x67, 0x72, 0x0, 0x0,
    0xf3, 0xff, 0xff, 0xde, 0xfe, 0x99, 0xdf, 0x2f,
    0x92, 0x0, 0x2, 0x7b, 0xa8, 0x30, 0xf4, 0x0,
    0x0, 0x0, 0x0, 0x0, 0xf, 0x40, 0x0, 0x0,
    0x0, 0x0, 0x0, 0xb2, 0x0, 0x0, 0x0, 0x0,
    0x0, 0x0,

    /* U+F025 "" */
    0x0, 0x0, 0x1, 0x20, 0x0, 0x0, 0x0, 0x0,
    0x9e, 0xff, 0xfb, 0x20, 0x0, 0x2, 0xee, 0x63,
    0x25, 0xcf, 0x50, 0x0, 0xdb, 0x0, 0x0, 0x0,
    0x8f, 0x20, 0x7e, 0x10, 0x0, 0x0, 0x0, 0xcb,
    0xb, 0x90, 0x0, 0x0, 0x0, 0x5, 0xf0, 0xe6,
    0x0, 0x0, 0x0, 0x0, 0x2f, 0x2f, 0x53, 0x10,
    0x0, 0x0, 0x31, 0xf3, 0xff, 0xff, 0x20, 0x0,
    0xdf, 0xff, 0x3f, 0xc2, 0xf5, 0x0, 0x1f, 0x49,
    0xf3, 0xf5, 0xe, 0x50, 0x1, 0xf2, 0x1f, 0x3f,
    0x60, 0xe5, 0x0, 0x1f, 0x22, 0xf3, 0xae, 0x8f,
    0x50, 0x1, 0xf9, 0xdd, 0x0, 0x9d, 0xb0, 0x0,
    0x8, 0xda, 0x20,

    /* U+F02E "" */
    0x3, 0x44, 0x44, 0x44, 0x30, 0x9, 0xff, 0xff,
    0xff, 0xff, 0xe1, 0xf7, 0x11, 0x11, 0x11, 0x2f,
    0x5f, 0x50, 0x0, 0x0, 0x0, 0xe6, 0xf5, 0x0,
    0x0, 0x0, 0xe, 0x6f, 0x50, 0x0, 0x0, 0x0,
    0xe6, 0xf5, 0x0, 0x0, 0x0, 0xe, 0x6f, 0x50,
    0x0, 0x0, 0x0, 0xe6, 0xf5, 0x0, 0x0, 0x0,
    0xe, 0x6f, 0x50, 0x0, 0x0, 0x0, 0xe6, 0xf5,
    0x0, 0x12, 0x0, 0xe, 0x6f, 0x50, 0x6f, 0xfa,
    0x10, 0xe6, 0xf6, 0xbf, 0x84, 0xee, 0x4e, 0x6f,
    0xfd, 0x30, 0x0, 0x9f, 0xf6, 0x88, 0x0, 0x0,
    0x0, 0x4b, 0x10, 0x0, 0x0, 0x0, 0x0, 0x0,

    /* U+F030 "" */
    0x0, 0x0, 0x15, 0x55, 0x51, 0x0, 0x0, 0x0,
    0x2, 0xff, 0xff, 0xff, 0x20, 0x0, 0x28, 0x9d,
    0xc0, 0x0, 0xc, 0xd9, 0x81, 0xdd, 0xaa, 0x20,
    0x0, 0x2, 0xaa, 0xdc, 0xf5, 0x0, 0x6, 0xcc,
    0x60, 0x0, 0x5f, 0xf4, 0x0, 0x7f, 0x99, 0xf7,
    0x0, 0x4f, 0xf4, 0x0, 0xe7, 0x0, 0x7e, 0x0,
    0x4f, 0xf4, 0x0, 0xf5, 0x0, 0x5f, 0x0, 0x4f,
    0xf4, 0x0, 0xbd, 0x23, 0xdb, 0x0, 0x4f, 0xf4,
    0x0, 0x1c, 0xff, 0xc1, 0x0, 0x4f, 0xf4, 0x0,
    0x0, 0x22, 0x0, 0x0, 0x4f, 0xea, 0x55, 0x55,
    0x55, 0x55, 0x55, 0xae, 0x5e, 0xff, 0xff, 0xff,
    0xff, 0xff, 0xe5,

    /* U+F03E "" */
    0x4, 0x55, 0x55, 0x55, 0x55, 0x51, 0xa, 0xff,
    0xff, 0xff, 0xff, 0xff, 0xe0, 0xf6, 0x0, 0x0,
    0x0, 0x0, 0x2f, 0x3f, 0x50, 0xa3, 0x0, 0x0,
    0x1, 0xf4, 0xf5, 0x1e, 0x50, 0x0, 0x0, 0x1f,
    0x4f, 0x50, 0x0, 0x5, 0xc0, 0x1, 0xf4, 0xf5,
    0x0, 0x50, 0xef, 0x80, 0x1f, 0x4f, 0x50, 0x8f,
    0xdf, 0xff, 0x21, 0xf4, 0xf5, 0x4f, 0xff, 0xff,
    0xfa, 0x1f, 0x4f, 0x58, 0xff, 0xff, 0xff, 0xe1,
    0xf4, 0xf5, 0x0, 0x0, 0x0, 0x0, 0x1f, 0x4e,
    0xa5, 0x55, 0x55, 0x55, 0x57, 0xf2, 0x5e, 0xff,
    0xff, 0xff, 0xff, 0xe8, 0x0,

    /* U+F044 "" */
    0x0, 0x0, 0x0, 0x0, 0x0, 0x0, 0x0, 0x0,
    0x0, 0x0, 0x0, 0x0, 0x9, 0xfb, 0x10, 0x2,
    0x55, 0x54, 0x0, 0xb, 0xe6, 0xda, 0x5, 0xff,
    0xff, 0xe0, 0xb, 0xfa, 0x8, 0xd0, 0xe9, 0x0,
    0x0, 0xb, 0xe7, 0xfb, 0xf6, 0xf, 0x50, 0x0,
    0xb, 0xf3, 0x9, 0xf8, 0x0, 0xf4, 0x0, 0xb,
    0xf3, 0x5, 0xf8, 0x0, 0xf, 0x40, 0x7, 0xf3,
    0x5, 0xf8, 0x0, 0x0, 0xf4, 0x0, 0xd8, 0x5,
    0xf8, 0x1, 0x0, 0xf, 0x40, 0x2f, 0x79, 0xf8,
    0x0, 0xf3, 0x0, 0xf4, 0x6, 0xff, 0xb5, 0x0,
    0xf, 0x30, 0xf, 0x40, 0x14, 0x0, 0x0, 0x0,
    0xf3, 0x0, 0xf5, 0x0, 0x0, 0x0, 0x0, 0x1f,
    0x30, 0xc, 0xd6, 0x55, 0x55, 0x55, 0x5b, 0xf0,
    0x0, 0x2b, 0xef, 0xff, 0xff, 0xff, 0xd4, 0x0,
    0x0,

    /* U+F045 "" */
    0x0, 0x0, 0x0, 0x0, 0x0, 0x0, 0x0, 0x0,
    0x0, 0x0, 0x0, 0x0, 0x0, 0x5d, 0x20, 0x0,
    0x0, 0x0, 0x0, 0x0, 0x0, 0x7f, 0xe2, 0x0,
    0x0, 0x57, 0x10, 0x7, 0xbe, 0xfd, 0xce, 0x20,
    0xa, 0xfd, 0x31, 0xde, 0x86, 0x63, 0xb, 0xe2,
    0xf, 0x50, 0xa, 0xd1, 0x0, 0x0, 0x5, 0xf6,
    0x1f, 0x30, 0xf, 0x56, 0xdf, 0xfb, 0x6f, 0x80,
    0x1f, 0x30, 0x1f, 0x8f, 0x85, 0xaf, 0xf8, 0x0,
    0x1f, 0x30, 0xe, 0xf9, 0x0, 0x7f, 0x70, 0x0,
    0x1f, 0x30, 0x7, 0xf8, 0x0, 0x14, 0x0, 0x0,
    0x1f, 0x30, 0x0, 0x87, 0x0, 0x0, 0x0, 0x0,
    0x1f, 0x30, 0x0, 0x0, 0x0, 0x6, 0x0, 0x0,
    0x1f, 0x30, 0x0, 0x0, 0x0, 0xf, 0x40, 0x0,
    0xe, 0xb5, 0x55, 0x55, 0x55, 0x9f, 0x10, 0x0,
    0x4, 0xdf, 0xff, 0xff, 0xff, 0xd5, 0x0, 0x0,

    /* U+F046 "" */
    0x4, 0x55, 0x55, 0x55, 0x55, 0x51, 0xa, 0xff,
    0xff, 0xff, 0xff, 0xff, 0xe0, 0xf6, 0x0, 0x0,
    0x0, 0x0, 0x2f, 0x3f, 0x50, 0x0, 0x0, 0x0,
    0x1, 0xf4, 0xf5, 0x0, 0x0, 0x1, 0xb1, 0x1f,
    0x4f, 0x50, 0x0, 0x0, 0xbd, 0x1, 0xf4, 0xf5,
    0x0, 0x0, 0x7f, 0x30, 0x1f, 0x4f, 0x50, 0x84,
    0x3f, 0x70, 0x1, 0xf4, 0xf5, 0x9, 0xfe, 0xb0,
    0x0, 0x1f, 0x4f, 0x50, 0x9, 0xd1, 0x0, 0x1,
    0xf4, 0xf5, 0x0, 0x0, 0x0, 0x0, 0x1f, 0x4e,
    0xa5, 0x55, 0x55, 0x55, 0x57, 0xf2, 0x5e, 0xff,
    0xff, 0xff, 0xff, 0xe8, 0x0,

    /* U+F057 "" */
    0x0, 0x0, 0x1, 0x33, 0x10, 0x0, 0x0, 0x0,
    0x2, 0xbf, 0xff, 0xfb, 0x20, 0x0, 0x0, 0x7f,
    0xb5, 0x22, 0x5b, 0xf7, 0x0, 0x6, 0xf6, 0x0,
    0x0, 0x0, 0x6f, 0x60, 0x1f, 0x70, 0x0, 0x0,
    0x0, 0x7, 0xf1, 0x9d, 0x0, 0x5a, 0x0, 0x87,
    0x0, 0xd9, 0xd9, 0x0, 0x2e, 0xb9, 0xf4, 0x0,
    0x9d, 0xf6, 0x0, 0x2, 0xff, 0x50, 0x0, 0x6f,
    0xe7, 0x0, 0x9, 0xfe, 0xb0, 0x0, 0x7e, 0xca,
    0x0, 0x6f, 0x42, 0xe9, 0x0, 0xac, 0x6f, 0x10,
    0x12, 0x0, 0x22, 0x1, 0xf6, 0xc, 0xb0, 0x0,
    0x0, 0x0, 0xb, 0xc0, 0x2, 0xfc, 0x20, 0x0,
    0x2, 0xcf, 0x20, 0x0, 0x2c, 0xfc, 0x88, 0xcf,
    0xc2, 0x0, 0x0, 0x0, 0x5a, 0xcc, 0xa5, 0x0,
    0x0,

    /* U+F058 "" */
    0x0, 0x0, 0x1, 0x33, 0x10, 0x0, 0x0, 0x0,
    0x2, 0xbf, 0xff, 0xfb, 0x20, 0x0, 0x0, 0x7f,
    0xb5, 0x22, 0x5b, 0xf7, 0x0, 0x6, 0xf6, 0x0,
    0x0, 0x0, 0x6f, 0x60, 0x1f, 0x70, 0x0, 0x0,
    0x0, 0x7, 0xf1, 0x9d, 0x0, 0x0, 0x0, 0x2b,
    0x0, 0xd9, 0xd9, 0x0, 0x0, 0x0, 0xcc, 0x0,
    0x9d, 0xf6, 0x0, 0x0, 0x8, 0xe2, 0x0, 0x6f,
    0xe7, 0x0, 0x92, 0x4f, 0x50, 0x0, 0x7e, 0xca,
    0x0, 0xbe, 0xe9, 0x0, 0x0, 0xac, 0x6f, 0x10,
    0xa, 0xc0, 0x0, 0x1, 0xf6, 0xc, 0xb0, 0x0,
    0x0, 0x0, 0xb, 0xc0, 0x2, 0xfc, 0x20, 0x0,
    0x2, 0xcf, 0x20, 0x0, 0x2c, 0xfc, 0x88, 0xcf,
    0xc2, 0x0, 0x0, 0x0, 0x5a, 0xdc, 0xa5, 0x0,
    0x0,

    /* U+F059 "" */
    0x0, 0x0, 0x1, 0x33, 0x10, 0x0, 0x0, 0x0,
    0x2, 0xbf, 0xff, 0xfb, 0x20, 0x0, 0x0, 0x7f,
    0xb5, 0x22, 0x5b, 0xf7, 0x0, 0x6, 0xf6, 0x0,
    0x0, 0x0, 0x6f, 0x60, 0x1f, 0x70, 0x3, 0xbc,
    0x30, 0x7, 0xf1, 0x9d, 0x0, 0xe, 0xbb, 0xe0,
    0x0, 0xd9, 0xd9, 0x0, 0x1f, 0x13, 0xf2, 0x0,
    0x9d, 0xf6, 0x0, 0x0, 0x4f, 0xc0, 0x0, 0x6f,
    0xe7, 0x0, 0x0, 0x9b, 0x0, 0x0, 0x7e, 0xca,
    0x0, 0x0, 0x0, 0x0, 0x0, 0xac, 0x6f, 0x10,
    0x0, 0xbb, 0x0, 0x1, 0xf6, 0xc, 0xb0, 0x0,
    0x66, 0x0, 0xb, 0xc0, 0x2, 0xfc, 0x20, 0x0,
    0x2, 0xcf, 0x20, 0x0, 0x2c, 0xfc, 0x88, 0xcf,
    0xc2, 0x0, 0x0, 0x0, 0x5a, 0xdc, 0xa5, 0x0,
    0x0,

    /* U+F05C "" */
    0x0, 0x0, 0x1, 0x33, 0x10, 0x0, 0x0, 0x0,
    0x2, 0xbf, 0xff, 0xfb, 0x20, 0x0, 0x0, 0x7f,
    0xb5, 0x22, 0x5b, 0xf7, 0x0, 0x6, 0xf6, 0x0,
    0x0, 0x0, 0x6f, 0x60, 0x1f, 0x70, 0x0, 0x0,
    0x0, 0x7, 0xf1, 0x9d, 0x0, 0x5a, 0x0, 0x87,
    0x0, 0xd9, 0xd9, 0x0, 0x2e, 0xb9, 0xf4, 0x0,
    0x9d, 0xf6, 0x0, 0x2, 0xff, 0x50, 0x0, 0x6f,
    0xe7, 0x0, 0x9, 0xfe, 0xb0, 0x0, 0x7e, 0xca,
    0x0, 0x6f, 0x42, 0xe9, 0x0, 0xac, 0x6f, 0x10,
    0x12, 0x0, 0x22, 0x1, 0xf6, 0xc, 0xb0, 0x0,
    0x0, 0x0, 0xb, 0xc0, 0x2, 0xfc, 0x20, 0x0,
    0x2, 0xcf, 0x20, 0x0, 0x2c, 0xfc, 0x88, 0xcf,
    0xc2, 0x0, 0x0, 0x0, 0x5a, 0xcc, 0xa5, 0x0,
    0x0,

    /* U+F05D "" */
    0x0, 0x0, 0x1, 0x33, 0x10, 0x0, 0x0, 0x0,
    0x2, 0xbf, 0xff, 0xfb, 0x20, 0x0, 0x0, 0x7f,
    0xb5, 0x22, 0x5b, 0xf7, 0x0, 0x6, 0xf6, 0x0,
    0x0, 0x0, 0x6f, 0x60, 0x1f, 0x70, 0x0, 0x0,
    0x0, 0x7, 0xf1, 0x9d, 0x0, 0x0, 0x0, 0x2b,
    0x0, 0xd9, 0xd9, 0x0, 0x0, 0x0, 0xcc, 0x0,
    0x9d, 0xf6, 0x0, 0x0, 0x8, 0xe2, 0x0, 0x6f,
    0xe7, 0x0, 0x92, 0x4f, 0x50, 0x0, 0x7e, 0xca,
    0x0, 0xbe, 0xe9, 0x0, 0x0, 0xac, 0x6f, 0x10,
    0xa, 0xc0, 0x0, 0x1, 0xf6, 0xc, 0xb0, 0x0,
    0x0, 0x0, 0xb, 0xc0, 0x2, 0xfc, 0x20, 0x0,
    0x2, 0xcf, 0x20, 0x0, 0x2c, 0xfc, 0x88, 0xcf,
    0xc2, 0x0, 0x0, 0x0, 0x5a, 0xdc, 0xa5, 0x0,
    0x0,

    /* U+F06E "" */
    0x0, 0x0, 0x0, 0x3, 0x54, 0x20, 0x0, 0x0,
    0x0, 0x0, 0x0, 0x7e, 0xff, 0xff, 0xd4, 0x0,
    0x0, 0x0, 0x2, 0xcf, 0x72, 0x0, 0x39, 0xf9,
    0x0, 0x0, 0x1, 0xec, 0x20, 0x7c, 0xc6, 0x4,
    0xeb, 0x0, 0x0, 0xcd, 0x0, 0xce, 0xbf, 0xf8,
    0x3, 0xf8, 0x0, 0x6f, 0x20, 0x5f, 0x29, 0xc5,
    0xf2, 0x5, 0xf3, 0xe, 0x80, 0x9, 0xe9, 0xf5,
    0xf, 0x50, 0xc, 0xa0, 0xbc, 0x0, 0x7f, 0xc5,
    0x2, 0xf3, 0x1, 0xe7, 0x2, 0xf7, 0x2, 0xfa,
    0x23, 0xcc, 0x0, 0xbd, 0x0, 0x6, 0xf5, 0x4,
    0xef, 0xfc, 0x20, 0x9f, 0x30, 0x0, 0x8, 0xf9,
    0x0, 0x22, 0x2, 0xcf, 0x40, 0x0, 0x0, 0x4,
    0xee, 0xa7, 0x8b, 0xfc, 0x20, 0x0, 0x0, 0x0,
    0x0, 0x6b, 0xdc, 0xa5, 0x0, 0x0, 0x0,

    /* U+F070 "" */
    0x0, 0x0, 0x0, 0x0, 0x0, 0x0, 0x0, 0x0,
    0x0, 0xe8, 0x0, 0x0, 0x0, 0x0, 0x0, 0x0,
    0x0, 0x5, 0xf8, 0x0, 0x2, 0x54, 0x20, 0x0,
    0x0, 0x0, 0x5, 0xf8, 0x7e, 0xff, 0xff, 0xd4,
    0x0, 0x0, 0x0, 0x5, 0xff, 0x72, 0x0, 0x39,
    0xf9, 0x0, 0x0, 0x2, 0x15, 0xfa, 0x8c, 0xb6,
    0x4, 0xeb, 0x0, 0x0, 0xd9, 0x5, 0xff, 0x89,
    0xf8, 0x2, 0xe8, 0x0, 0x7e, 0x10, 0x5, 0xfa,
    0x5, 0xf1, 0x4, 0xf3, 0xe, 0x80, 0x0, 0x5,
    0xfa, 0xf, 0x50, 0xb, 0xa0, 0xac, 0x0, 0x0,
    0x5, 0xfb, 0xf3, 0x1, 0xf7, 0x2, 0xf7, 0x0,
    0x0, 0x5, 0xfe, 0x0, 0xbd, 0x0, 0x5, 0xf5,
    0x0, 0x0, 0x5, 0xf9, 0x9f, 0x30, 0x0, 0x7,
    0xfa, 0x0, 0x0, 0x5, 0xff, 0x50, 0x0, 0x0,
    0x3, 0xee, 0xa7, 0x89, 0x15, 0xf8, 0x0, 0x0,
    0x0, 0x0, 0x6b, 0xdc, 0xa3, 0x5, 0xf8, 0x0,
    0x0, 0x0, 0x0, 0x0, 0x0, 0x0, 0x5, 0xf7,
    0x0, 0x0, 0x0, 0x0, 0x0, 0x0, 0x0, 0x4,
    0x50,

    /* U+F073 "" */
    0x0, 0x0, 0x0, 0x0, 0x0, 0x0, 0x0, 0x4,
    0xd0, 0x0, 0xc, 0x70, 0x0, 0x4, 0x9f, 0x55,
    0x55, 0xeb, 0x51, 0xb, 0xff, 0xff, 0xff, 0xff,
    0xff, 0xe0, 0xf6, 0x0, 0x0, 0x0, 0x0, 0x2f,
    0x3f, 0x85, 0x55, 0x55, 0x55, 0x56, 0xf4, 0xff,
    0xff, 0xff, 0xff, 0xff, 0xff, 0x4f, 0x50, 0x4f,
    0x0, 0xe6, 0x1, 0xf4, 0xf5, 0x4, 0xf0, 0xe,
    0x60, 0x1f, 0x4f, 0xff, 0xff, 0xff, 0xff, 0xff,
    0xf4, 0xf8, 0x58, 0xf5, 0x5f, 0x95, 0x6f, 0x4f,
    0x50, 0x4f, 0x0, 0xe6, 0x1, 0xf4, 0xea, 0x58,
    0xf5, 0x5f, 0x95, 0x8f, 0x25, 0xef, 0xff, 0xff,
    0xff, 0xfe, 0x80,

    /* U+F075 "" */
    0x0, 0x0, 0x1, 0x33, 0x10, 0x0, 0x0, 0x0,
    0x3, 0xcf, 0xff, 0xfc, 0x30, 0x0, 0x0, 0x9f,
    0xa5, 0x22, 0x5a, 0xf9, 0x0, 0x8, 0xe4, 0x0,
    0x0, 0x0, 0x4e, 0x80, 0x4f, 0x50, 0x0, 0x0,
    0x0, 0x5, 0xf4, 0xbb, 0x0, 0x0, 0x0, 0x0,
    0x0, 0xbb, 0xe7, 0x0, 0x0, 0x0, 0x0, 0x0,
    0x7e, 0xf5, 0x0, 0x0, 0x0, 0x0, 0x0, 0x6f,
    0xc8, 0x0, 0x0, 0x0, 0x0, 0x0, 0x9d, 0x8d,
    0x0, 0x0, 0x0, 0x0, 0x0, 0xd9, 0x1f, 0x70,
    0x0, 0x0, 0x0, 0x9, 0xe1, 0xb, 0xa0, 0x0,
    0x0, 0x1, 0xaf, 0x40, 0x4f, 0x9c, 0xdb, 0x88,
    0xbf, 0xd3, 0x0, 0xcf, 0xfa, 0x6b, 0xdd, 0xb6,
    0x0, 0x0, 0x97, 0x10, 0x0, 0x0, 0x0, 0x0,
    0x0,

    /* U+F07B "" */
    0x5, 0x66, 0x65, 0x10, 0x0, 0x0, 0x0, 0xbf,
    0xff, 0xff, 0xf5, 0x11, 0x11, 0x0, 0xf6, 0x0,
    0x0, 0x8f, 0xff, 0xff, 0xf7, 0xf5, 0x0, 0x0,
    0x0, 0x34, 0x44, 0x9f, 0xf5, 0x0, 0x0, 0x0,
    0x0, 0x0, 0x5f, 0xf5, 0x0, 0x0, 0x0, 0x0,
    0x0, 0x5f, 0xf5, 0x0, 0x0, 0x0, 0x0, 0x0,
    0x5f, 0xf5, 0x0, 0x0, 0x0, 0x0, 0x0, 0x5f,
    0xf5, 0x0, 0x0, 0x0, 0x0, 0x0, 0x5f, 0xf5,
    0x0, 0x0, 0x0, 0x0, 0x0, 0x5f, 0xf9, 0x55,
    0x55, 0x55, 0x55, 0x55, 0x9f, 0x6f, 0xff, 0xff,
    0xff, 0xff, 0xff, 0xf6,

    /* U+F07C "" */
    0x0, 0x55, 0x55, 0x50, 0x0, 0x0, 0x0, 0x0,
    0xd, 0xfe, 0xee, 0xfe, 0x41, 0x0, 0x0, 0x0,
    0x1f, 0x40, 0x0, 0x9, 0xff, 0xff, 0xf7, 0x0,
    0x1f, 0x20, 0x0, 0x0, 0x13, 0x33, 0x7a, 0x0,
    0x1f, 0x20, 0x0, 0x0, 0x0, 0x0, 0x0, 0x0,
    0x1f, 0x3c, 0xff, 0xff, 0xff, 0xff, 0xff, 0xf5,
    0x1f, 0x9f, 0x54, 0x44, 0x44, 0x44, 0x44, 0xca,
    0x1f, 0xea, 0x0, 0x0, 0x0, 0x0, 0x0, 0xf6,
    0x1f, 0xf5, 0x0, 0x0, 0x0, 0x0, 0x4, 0xf1,
    0x1f, 0xf1, 0x0, 0x0, 0x0, 0x0, 0x9, 0xc0,
    0x1f, 0xd4, 0x44, 0x44, 0x44, 0x44, 0x4e, 0x70,
    0x8, 0xff, 0xff, 0xff, 0xff, 0xff, 0xfd, 0x10,

    /* U+F080 "" */
    0x30, 0x0, 0x0, 0x0, 0x0, 0x0, 0x0, 0xf4,
    0x0, 0x0, 0x0, 0x0, 0x0, 0x0, 0xf4, 0x9,
    0xff, 0xff, 0xff, 0x20, 0x0, 0xf4, 0x1, 0x33,
    0x33, 0x33, 0x0, 0x0, 0xf4, 0x0, 0x0, 0x0,
    0x0, 0x0, 0x0, 0xf4, 0x9, 0xff, 0xff, 0x60,
    0x0, 0x0, 0xf4, 0x1, 0x44, 0x44, 0x10, 0x0,
    0x0, 0xf4, 0x0, 0x0, 0x0, 0x0, 0x0, 0x0,
    0xf4, 0x8, 0xff, 0xff, 0xff, 0xfd, 0x0, 0xf4,
    0x2, 0x55, 0x55, 0x55, 0x54, 0x0, 0xf5, 0x0,
    0x0, 0x0, 0x0, 0x0, 0x0, 0xdc, 0x55, 0x55,
    0x55, 0x55, 0x55, 0x52, 0x3c, 0xff, 0xff, 0xff,
    0xff, 0xff, 0xf9,

    /* U+F086 "" */
    0x0, 0x0, 0x1, 0x0, 0x0, 0x0, 0x0, 0x0,
    0x0, 0x4c, 0xff, 0xe9, 0x10, 0x0, 0x0, 0x0,
    0x9, 0xf9, 0x53, 0x6d, 0xe2, 0x0, 0x0, 0x0,
    0x5f, 0x40, 0x0, 0x0, 0xbd, 0x0, 0x0, 0x0,
    0xb9, 0x0, 0x0, 0x0, 0x1f, 0x30, 0x0, 0x0,
    0xf5, 0x0, 0x0, 0x0, 0xe, 0x70, 0x0, 0x0,
    0xd7, 0x0, 0x0, 0x0, 0xf, 0x43, 0x71, 0x0,
    0x8e, 0x0, 0x0, 0x0, 0x7f, 0x14, 0xee, 0x30,
    0x3f, 0x10, 0x0, 0x18, 0xf5, 0x0, 0xb, 0xe0,
    0x9f, 0xbf, 0xfe, 0xfe, 0x50, 0x0, 0x0, 0xe7,
    0xef, 0xb5, 0x56, 0x30, 0x0, 0x0, 0x0, 0xaa,
    0x31, 0x0, 0x2, 0x30, 0x0, 0x0, 0x0, 0xaa,
    0x0, 0x0, 0x5, 0xf1, 0x0, 0x0, 0x0, 0xe7,
    0x0, 0x0, 0x0, 0xdc, 0x10, 0x0, 0x5, 0xf0,
    0x0, 0x0, 0x0, 0x2d, 0xf9, 0x79, 0x96, 0xf3,
    0x0, 0x0, 0x0, 0x0, 0x7b, 0xdb, 0xcf, 0xf9,
    0x0, 0x0, 0x0, 0x0, 0x0, 0x0, 0x3, 0x96,

    /* U+F087 "" */
    0x0, 0x0, 0x0, 0x30, 0x0, 0x0, 0x0, 0x0,
    0x0, 0x1e, 0xff, 0x30, 0x0, 0x0, 0x0, 0x0,
    0xad, 0x2c, 0xa0, 0x0, 0x0, 0x0, 0x1, 0xf5,
    0xc, 0xa0, 0x0, 0x0, 0x4, 0x49, 0xd0, 0x3f,
    0x85, 0x53, 0x0, 0xaf, 0xff, 0x60, 0x5f, 0xff,
    0xff, 0xa0, 0xf5, 0x6f, 0x10, 0x0, 0x0, 0x6,
    0xf1, 0xf5, 0x6f, 0x0, 0x0, 0x0, 0x8, 0xe0,
    0xf5, 0x6f, 0x0, 0x0, 0x0, 0x4, 0xf0, 0xf5,
    0x6f, 0x0, 0x0, 0x0, 0xa, 0xc0, 0xf5, 0x6f,
    0x30, 0x0, 0x0, 0xc, 0xa0, 0xf5, 0x6f, 0xc0,
    0x0, 0x0, 0x6f, 0x40, 0xea, 0xae, 0xee, 0x87,
    0x77, 0xd9, 0x0, 0x5d, 0xc4, 0x18, 0xce, 0xee,
    0xa1, 0x0,

    /* U+F088 "" */
    0x0, 0x0, 0x0, 0x13, 0x33, 0x0, 0x0, 0x0,
    0x0, 0x4e, 0xff, 0xff, 0xe3, 0x0, 0x16, 0x66,
    0xf9, 0x31, 0x11, 0xac, 0x0, 0xce, 0xef, 0x80,
    0x0, 0x0, 0x4f, 0x70, 0xf5, 0x6f, 0x10, 0x0,
    0x0, 0xb, 0xa0, 0xf5, 0x6f, 0x0, 0x0, 0x0,
    0x7, 0xe0, 0xf5, 0x6f, 0x0, 0x0, 0x0, 0x7,
    0xf0, 0xf5, 0x6f, 0x0, 0x0, 0x0, 0x5, 0xf1,
    0xf5, 0x6f, 0x30, 0x28, 0x88, 0x8c, 0xe0, 0xf5,
    0x6f, 0xa0, 0x6f, 0xcb, 0xb9, 0x20, 0xce, 0xee,
    0xf2, 0xe, 0x80, 0x0, 0x0, 0x16, 0x61, 0xd9,
    0xa, 0xb0, 0x0, 0x0, 0x0, 0x0, 0x4f, 0xaf,
    0x50, 0x0, 0x0, 0x0, 0x0, 0x3, 0x96, 0x0,
    0x0, 0x0,

    /* U+F089 "" */
    0x0, 0x0, 0x0, 0x8, 0x10, 0x0, 0x0, 0x5,
    0xf5, 0x0, 0x0, 0x0, 0xdf, 0x50, 0x0, 0x0,
    0x6f, 0xf5, 0x3, 0x68, 0xbf, 0x9f, 0x57, 0xff,
    0xca, 0x70, 0xf5, 0x1d, 0xd1, 0x0, 0xf, 0x50,
    0x1d, 0xd1, 0x0, 0xf5, 0x0, 0x1d, 0xc0, 0xf,
    0x50, 0x0, 0x6f, 0x0, 0xf5, 0x0, 0x8, 0xc0,
    0xf, 0x50, 0x0, 0xba, 0x19, 0xf3, 0x0, 0xd,
    0xdf, 0xd5, 0x0, 0x0, 0xfd, 0x60, 0x0, 0x0,
    0x1, 0x0, 0x0, 0x0,

    /* U+F08A "" */
    0x0, 0x25, 0x20, 0x0, 0x2, 0x52, 0x0, 0x9,
    0xff, 0xfc, 0x11, 0xcf, 0xff, 0x90, 0x7f, 0x40,
    0x2d, 0xdd, 0xd2, 0x4, 0xf7, 0xd7, 0x0, 0x1,
    0xee, 0x10, 0x0, 0x7d, 0xf5, 0x0, 0x0, 0x33,
    0x0, 0x0, 0x5f, 0xc8, 0x0, 0x0, 0x0, 0x0,
    0x0, 0x9c, 0x7e, 0x10, 0x0, 0x0, 0x0, 0x1,
    0xf7, 0xd, 0xb0, 0x0, 0x0, 0x0, 0xb, 0xd0,
    0x3, 0xf8, 0x0, 0x0, 0x0, 0x8f, 0x30, 0x0,
    0x5f, 0x70, 0x0, 0x7, 0xf5, 0x0, 0x0, 0x6,
    0xf8, 0x0, 0x7f, 0x60, 0x0, 0x0, 0x0, 0x6f,
    0xba, 0xf6, 0x0, 0x0, 0x0, 0x0, 0x3, 0xbb,
    0x30, 0x0, 0x0,

    /* U+F094 "" */
    0x0, 0x0, 0x0, 0x25, 0x43, 0x44, 0x0, 0x0,
    0x0, 0x5d, 0xff, 0xff, 0xff, 0xb0, 0x0, 0xa,
    0xf9, 0x20, 0x2, 0x3, 0xf2, 0x0, 0x8f, 0x40,
    0x8e, 0x10, 0x2, 0xf2, 0x3, 0xf5, 0x1d, 0xe6,
    0x0, 0x3, 0xf1, 0xa, 0xc0, 0xcc, 0x10, 0x0,
    0x2, 0xf2, 0xe, 0x75, 0xf1, 0x0, 0x0, 0x2,
    0xf3, 0xf, 0x55, 0x80, 0x0, 0x0, 0x5, 0xf0,
    0xd, 0x70, 0x0, 0x0, 0x0, 0xc, 0xb0, 0xe,
    0x70, 0x0, 0x0, 0x0, 0x7f, 0x30, 0xf, 0x50,
    0x0, 0x0, 0x8, 0xf6, 0x0, 0xc, 0xc7, 0x99,
    0x79, 0xef, 0x50, 0x0, 0x2, 0xbd, 0xcc, 0xdb,
    0x71, 0x0, 0x0, 0x0, 0x0, 0x0, 0x0, 0x0,
    0x0, 0x0,

    /* U+F096 "" */
    0x4, 0x55, 0x55, 0x55, 0x55, 0x51, 0xa, 0xff,
    0xff, 0xff, 0xff, 0xff, 0xe0, 0xf6, 0x0, 0x0,
    0x0, 0x0, 0x2f, 0x3f, 0x40, 0x0, 0x0, 0x0,
    0x0, 0xf3, 0xf4, 0x0, 0x0, 0x0, 0x0, 0xf,
    0x3f, 0x40, 0x0, 0x0, 0x0, 0x0, 0xf3, 0xf4,
    0x0, 0x0, 0x0, 0x0, 0xf, 0x3f, 0x40, 0x0,
    0x0, 0x0, 0x0, 0xf3, 0xf4, 0x0, 0x0, 0x0,
    0x0, 0xf, 0x3f, 0x40, 0x0, 0x0, 0x0, 0x0,
    0xf3, 0xf4, 0x0, 0x0, 0x0, 0x0, 0xf, 0x3e,
    0xa5, 0x55, 0x55, 0x55, 0x57, 0xf2, 0x5e, 0xff,
    0xff, 0xff, 0xff, 0xe8, 0x0,

    /* U+F097 "" */
    0x3, 0x44, 0x44, 0x44, 0x30, 0x9, 0xff, 0xff,
    0xff, 0xff, 0xe1, 0xf7, 0x11, 0x11, 0x11, 0x2f,
    0x5f, 0x50, 0x0, 0x0, 0x0, 0xe6, 0xf5, 0x0,
    0x0, 0x0, 0xe, 0x6f, 0x50, 0x0, 0x0, 0x0,
    0xe6, 0xf5, 0x0, 0x0, 0x0, 0xe, 0x6f, 0x50,
    0x0, 0x0, 0x0, 0xe6, 0xf5, 0x0, 0x0, 0x0,
    0xe, 0x6f, 0x50, 0x0, 0x0, 0x0, 0xe6, 0xf5,
    0x0, 0x12, 0x0, 0xe, 0x6f, 0x50, 0x6f, 0xfa,
    0x10, 0xe6, 0xf6, 0xbf, 0x84, 0xee, 0x4e, 0x6f,
    0xfd, 0x30, 0x0, 0x9f, 0xf6, 0x88, 0x0, 0x0,
    0x0, 0x4b, 0x10, 0x0, 0x0, 0x0, 0x0, 0x0,

    /* U+F09D "" */
    0x4, 0x55, 0x55, 0x55, 0x55, 0x55, 0x40, 0xbf,
    0xff, 0xff, 0xff, 0xff, 0xff, 0xfb, 0xf6, 0x0,
    0x0, 0x0, 0x0, 0x0, 0x6f, 0xfd, 0xcc, 0xcc,
    0xcc, 0xcc, 0xcc, 0xdf, 0xff, 0xff, 0xff, 0xff,
    0xff, 0xff, 0xff, 0xf4, 0x0, 0x0, 0x0, 0x0,
    0x0, 0x4f, 0xf4, 0x0, 0x0, 0x0, 0x0, 0x0,
    0x4f, 0xf4, 0x47, 0x40, 0x47, 0x60, 0x0, 0x4f,
    0xf4, 0x8d, 0x80, 0x9d, 0xc1, 0x0, 0x4f, 0xf9,
    0x44, 0x44, 0x44, 0x44, 0x44, 0x9f, 0x6f, 0xff,
    0xff, 0xff, 0xff, 0xff, 0xf6,

    /* U+F0A0 "" */
    0x4, 0x55, 0x55, 0x55, 0x55, 0x51, 0xa, 0xff,
    0xff, 0xff, 0xff, 0xff, 0xe0, 0xf6, 0x0, 0x0,
    0x0, 0x0, 0x2f, 0x3f, 0x50, 0x0, 0x0, 0x0,
    0x1, 0xf4, 0xf5, 0x0, 0x0, 0x0, 0x0, 0x1f,
    0x4f, 0x50, 0x0, 0x0, 0x0, 0x1, 0xf4, 0xf7,
    0x44, 0x44, 0x44, 0x44, 0x4f, 0x4f, 0xff, 0xff,
    0xff, 0xff, 0xff, 0xf4, 0xf7, 0x11, 0x11, 0x11,
    0x11, 0x3f, 0x4f, 0x50, 0x0, 0xb, 0x14, 0x91,
    0xf4, 0xf5, 0x0, 0x0, 0x50, 0x14, 0x1f, 0x4e,
    0xa5, 0x55, 0x55, 0x55, 0x57, 0xf2, 0x5e, 0xff,
    0xff, 0xff, 0xff, 0xe8, 0x0,

    /* U+F0A2 "" */
    0x0, 0x0, 0x0, 0x10, 0x0, 0x0, 0x0, 0x0,
    0x0, 0x9c, 0x10, 0x0, 0x0, 0x0, 0x7, 0xff,
    0xff, 0xa0, 0x0, 0x0, 0x8, 0xf7, 0x10, 0x4e,
    0xc0, 0x0, 0x1, 0xf6, 0x0, 0x0, 0x2f, 0x50,
    0x0, 0x5f, 0x0, 0x0, 0x0, 0xb9, 0x0, 0x7,
    0xd0, 0x0, 0x0, 0x9, 0xb0, 0x0, 0x9b, 0x0,
    0x0, 0x0, 0x7d, 0x0, 0xd, 0x80, 0x0, 0x0,
    0x4, 0xf1, 0x4, 0xf2, 0x0, 0x0, 0x0, 0xe,
    0x80, 0xcc, 0x22, 0x22, 0x22, 0x22, 0x9f, 0x1c,
    0xff, 0xff, 0xff, 0xff, 0xff, 0xf1, 0x1, 0x11,
    0x11, 0x11, 0x11, 0x10, 0x0, 0x0, 0x3, 0x55,
    0x40, 0x0, 0x0, 0x0, 0x0, 0x2c, 0xd4, 0x0,
    0x0, 0x0,

    /* U+F0A4 "" */
    0x0, 0x4, 0x76, 0x11, 0x11, 0x11, 0x0, 0x4,
    0xef, 0xde, 0xff, 0xff, 0xff, 0xe6, 0x2f, 0xa1,
    0x0, 0xf8, 0x44, 0x44, 0xaf, 0xac, 0x0, 0xd2,
    0xef, 0xff, 0xff, 0xfa, 0xe6, 0x0, 0xf5, 0xf8,
    0x9f, 0x44, 0x20, 0xf5, 0x0, 0xcf, 0xff, 0xfc,
    0x0, 0x0, 0xf5, 0x0, 0xea, 0x69, 0xf2, 0x0,
    0x0, 0xc8, 0x0, 0xed, 0xac, 0xf0, 0x0, 0x0,
    0x6f, 0x34, 0xfc, 0xcf, 0xa0, 0x0, 0x0, 0xb,
    0xfd, 0xf5, 0x5d, 0xa0, 0x0, 0x0, 0x0, 0x6c,
    0xff, 0xfd, 0x30, 0x0, 0x0,

    /* U+F0A5 "" */
    0x0, 0x0, 0x0, 0x1, 0x67, 0x40, 0x0, 0x6e,
    0xff, 0xff, 0xff, 0xed, 0xfe, 0x40, 0xfa, 0x33,
    0x33, 0x8f, 0x0, 0x1a, 0xf2, 0xaf, 0xee, 0xee,
    0xfe, 0x2d, 0x0, 0xca, 0x2, 0x44, 0xf9, 0x8f,
    0x5f, 0x0, 0x6e, 0x0, 0x0, 0xcf, 0xff, 0xfc,
    0x0, 0x5f, 0x0, 0x0, 0x2f, 0x96, 0xae, 0x0,
    0x5f, 0x0, 0x0, 0xf, 0xca, 0xde, 0x0, 0x8c,
    0x0, 0x0, 0x9, 0xfc, 0xcf, 0x43, 0xf6, 0x0,
    0x0, 0xa, 0xd5, 0x5f, 0xdf, 0xb0, 0x0, 0x0,
    0x3, 0xdf, 0xff, 0xc6, 0x0,

    /* U+F0A6 "" */
    0x1, 0x20, 0x0, 0x0, 0x0, 0x3, 0xff, 0x80,
    0x0, 0x0, 0x0, 0x8d, 0x8e, 0x0, 0x0, 0x0,
    0x9, 0xc6, 0xf0, 0x0, 0x0, 0x0, 0x9c, 0x6f,
    0x30, 0x0, 0x0, 0x9, 0xc6, 0xff, 0xc6, 0x20,
    0x0, 0x9c, 0x6f, 0x5f, 0xef, 0xec, 0x19, 0xff,
    0xfe, 0xf2, 0xf8, 0xe6, 0xbc, 0x66, 0xaf, 0x2f,
    0x5d, 0x8f, 0x51, 0x8b, 0xfd, 0xf7, 0xe8, 0xe6,
    0x2c, 0xb8, 0xbc, 0xff, 0x7b, 0xa0, 0x0, 0x0,
    0x5, 0xf4, 0x4f, 0x40, 0x0, 0x0, 0xbd, 0x0,
    0x9f, 0xa6, 0x57, 0xde, 0x30, 0x0, 0x5b, 0xef,
    0xd9, 0x10, 0x0,

    /* U+F0A7 "" */
    0x0, 0x0, 0x33, 0x20, 0x0, 0x0, 0x1a, 0xff,
    0xff, 0xe5, 0x0, 0xe, 0xd4, 0x11, 0x28, 0xf6,
    0x8, 0xe1, 0x0, 0x0, 0x6, 0xf1, 0xd7, 0x6,
    0x52, 0x55, 0xcf, 0x5f, 0x53, 0xef, 0xff, 0xfc,
    0xf7, 0xd9, 0x21, 0x7f, 0x4f, 0x4c, 0x79, 0xff,
    0xff, 0xf1, 0xf5, 0xd7, 0x8c, 0x7f, 0x5f, 0xaf,
    0xff, 0x48, 0xb5, 0xfb, 0xfe, 0xa7, 0x50, 0x8b,
    0x5f, 0xc5, 0x0, 0x0, 0x8, 0xb5, 0xe0, 0x0,
    0x0, 0x0, 0x8b, 0x5e, 0x0, 0x0, 0x0, 0x7,
    0xfc, 0xd0, 0x0, 0x0, 0x0, 0xa, 0xc3, 0x0,
    0x0, 0x0, 0x0,

    /* U+F0C2 "" */
    0x0, 0x0, 0x2, 0x52, 0x0, 0x0, 0x0, 0x0,
    0x0, 0x2, 0xcf, 0xff, 0xd2, 0x0, 0x0, 0x0,
    0x0, 0xd, 0xc2, 0x2, 0xbf, 0xfe, 0x70, 0x0,
    0x0, 0x7e, 0x10, 0x0, 0x6, 0x57, 0xf6, 0x0,
    0x0, 0xb9, 0x0, 0x0, 0x0, 0x0, 0x8d, 0x0,
    0x1, 0xe8, 0x0, 0x0, 0x0, 0x0, 0x6f, 0x0,
    0x1d, 0xe3, 0x0, 0x0, 0x0, 0x0, 0x9f, 0x20,
    0xac, 0x10, 0x0, 0x0, 0x0, 0x0, 0x1b, 0xe2,
    0xe6, 0x0, 0x0, 0x0, 0x0, 0x0, 0x0, 0xe9,
    0xe6, 0x0, 0x0, 0x0, 0x0, 0x0, 0x0, 0xab,
    0xac, 0x0, 0x0, 0x0, 0x0, 0x0, 0x0, 0xd8,
    0x1e, 0xd7, 0x55, 0x55, 0x55, 0x55, 0x6c, 0xe1,
    0x1, 0x9d, 0xff, 0xff, 0xff, 0xff, 0xea, 0x20,

    /* U+F0C5 "" */
    0x0, 0x0, 0x3, 0x33, 0x31, 0x0, 0x0, 0x0,
    0x1e, 0xff, 0xff, 0xf6, 0x0, 0x0, 0x5, 0xf1,
    0x0, 0x17, 0xf6, 0x0, 0x0, 0x6e, 0x0, 0x0,
    0x7, 0xf1, 0x4c, 0x26, 0xe0, 0x0, 0x0, 0x1f,
    0x3e, 0xb1, 0x6e, 0x0, 0x0, 0x0, 0xf3, 0xf4,
    0x6, 0xe0, 0x0, 0x0, 0xf, 0x3f, 0x40, 0x6e,
    0x0, 0x0, 0x0, 0xf3, 0xf4, 0x6, 0xe0, 0x0,
    0x0, 0xf, 0x3f, 0x40, 0x5f, 0x20, 0x0, 0x3,
    0xf3, 0xf4, 0x1, 0xef, 0xff, 0xff, 0xfd, 0xf,
    0x40, 0x0, 0x33, 0x33, 0x33, 0x0, 0xf4, 0x0,
    0x0, 0x2, 0x20, 0x0, 0xe, 0xa5, 0x55, 0x55,
    0xcb, 0x0, 0x0, 0x5e, 0xff, 0xff, 0xfd, 0x30,
    0x0, 0x0,

    /* U+F0C7 "" */
    0x4, 0x55, 0x55, 0x55, 0x50, 0x0, 0xa, 0xff,
    0xff, 0xff, 0xff, 0xd1, 0x0, 0xf6, 0x6f, 0x0,
    0x6, 0xeb, 0xd1, 0xf, 0x56, 0xf0, 0x0, 0x6e,
    0xb, 0xd0, 0xf5, 0x5f, 0xff, 0xff, 0xd0, 0x1f,
    0x3f, 0x50, 0x45, 0x55, 0x52, 0x1, 0xf4, 0xf5,
    0x0, 0x2, 0x40, 0x0, 0x1f, 0x4f, 0x50, 0x4,
    0xff, 0xb0, 0x1, 0xf4, 0xf5, 0x0, 0x8f, 0xff,
    0x0, 0x1f, 0x4f, 0x50, 0x2, 0xef, 0x80, 0x1,
    0xf4, 0xf5, 0x0, 0x0, 0x10, 0x0, 0x1f, 0x4e,
    0xa5, 0x55, 0x55, 0x55, 0x57, 0xf2, 0x5e, 0xff,
    0xff, 0xff, 0xff, 0xe8, 0x0,

    /* U+F0C8 "" */
    0x4, 0x55, 0x55, 0x55, 0x55, 0x51, 0xa, 0xff,
    0xff, 0xff, 0xff, 0xff, 0xe0, 0xf6, 0x0, 0x0,
    0x0, 0x0, 0x2f, 0x3f, 0x40, 0x0, 0x0, 0x0,
    0x0, 0xf3, 0xf4, 0x0, 0x0, 0x0, 0x0, 0xf,
    0x3f, 0x40, 0x0, 0x0, 0x0, 0x0, 0xf3, 0xf4,
    0x0, 0x0, 0x0, 0x0, 0xf, 0x3f, 0x40, 0x0,
    0x0, 0x0, 0x0, 0xf3, 0xf4, 0x0, 0x0, 0x0,
    0x0, 0xf, 0x3f, 0x40, 0x0, 0x0, 0x0, 0x0,
    0xf3, 0xf4, 0x0, 0x0, 0x0, 0x0, 0xf, 0x3e,
    0xa5, 0x55, 0x55, 0x55, 0x57, 0xf2, 0x5e, 0xff,
    0xff, 0xff, 0xff, 0xe8, 0x0,

    /* U+F0D1 "" */
    0x4, 0x55, 0x55, 0x55, 0x55, 0x10, 0x0, 0x0,
    0xaf, 0xff, 0xff, 0xff, 0xff, 0xf2, 0x0, 0x0,
    0xf6, 0x0, 0x0, 0x0, 0x0, 0xf6, 0x0, 0x0,
    0xf5, 0x0, 0x0, 0x0, 0x0, 0xff, 0xfd, 0x30,
    0xf5, 0x0, 0x0, 0x0, 0x0, 0xfa, 0x5b, 0xf3,
    0xf5, 0x0, 0x0, 0x0, 0x0, 0xf7, 0x0, 0xbc,
    0xf5, 0x0, 0x0, 0x0, 0x0, 0xfa, 0x55, 0x9e,
    0xf5, 0x0, 0x0, 0x0, 0x0, 0xff, 0xff, 0xfe,
    0xf5, 0x0, 0x0, 0x0, 0x0, 0xf7, 0x0, 0x6e,
    0xf5, 0x4d, 0xe8, 0x0, 0x1, 0xff, 0xc3, 0x6e,
    0xfa, 0xea, 0x6f, 0x74, 0x4a, 0xe5, 0xbe, 0xad,
    0x7f, 0xf2, 0xd, 0xff, 0xff, 0x90, 0x4f, 0xf6,
    0x1, 0xdc, 0xaf, 0x41, 0x17, 0xf9, 0xdc, 0x0,
    0x0, 0x2a, 0xb5, 0x0, 0x0, 0x7c, 0x91, 0x0,

    /* U+F0E0 "" */
    0x4, 0x55, 0x55, 0x55, 0x55, 0x55, 0x40, 0xaf,
    0xff, 0xff, 0xff, 0xff, 0xff, 0xfa, 0xf8, 0x0,
    0x0, 0x0, 0x0, 0x0, 0x8f, 0xff, 0xa0, 0x0,
    0x0, 0x0, 0xa, 0xff, 0xf8, 0xed, 0x20, 0x0,
    0x2, 0xde, 0x8f, 0xf4, 0x1b, 0xf6, 0x0, 0x6f,
    0xb1, 0x4f, 0xf4, 0x0, 0x7f, 0xcc, 0xf7, 0x0,
    0x4f, 0xf4, 0x0, 0x2, 0x88, 0x20, 0x0, 0x4f,
    0xf4, 0x0, 0x0, 0x0, 0x0, 0x0, 0x4f, 0xf9,
    0x44, 0x44, 0x44, 0x44, 0x44, 0x9f, 0x6f, 0xff,
    0xff, 0xff, 0xff, 0xff, 0xf6,

    /* U+F0E5 "" */
    0x0, 0x0, 0x1, 0x33, 0x10, 0x0, 0x0, 0x0,
    0x3, 0xcf, 0xff, 0xfc, 0x30, 0x0, 0x0, 0x9f,
    0xa5, 0x22, 0x5a, 0xf9, 0x0, 0x8, 0xe4, 0x0,
    0x0, 0x0, 0x4e, 0x80, 0x4f, 0x50, 0x0, 0x0,
    0x0, 0x5, 0xf4, 0xbb, 0x0, 0x0, 0x0, 0x0,
    0x0, 0xbb, 0xe7, 0x0, 0x0, 0x0, 0x0, 0x0,
    0x7e, 0xf5, 0x0, 0x0, 0x0, 0x0, 0x0, 0x6f,
    0xc8, 0x0, 0x0, 0x0, 0x0, 0x0, 0x9d, 0x8d,
    0x0, 0x0, 0x0, 0x0, 0x0, 0xd9, 0x1f, 0x70,
    0x0, 0x0, 0x0, 0x9, 0xe1, 0xb, 0xa0, 0x0,
    0x0, 0x1, 0xaf, 0x40, 0x4f, 0x9c, 0xdb, 0x88,
    0xbf, 0xd3, 0x0, 0xcf, 0xfa, 0x6b, 0xdd, 0xb6,
    0x0, 0x0, 0x97, 0x10, 0x0, 0x0, 0x0, 0x0,
    0x0,

    /* U+F0E6 "" */
    0x0, 0x0, 0x1, 0x0, 0x0, 0x0, 0x0, 0x0,
    0x0, 0x4c, 0xff, 0xe9, 0x10, 0x0, 0x0, 0x0,
    0x9, 0xf9, 0x53, 0x6d, 0xe2, 0x0, 0x0, 0x0,
    0x5f, 0x40, 0x0, 0x0, 0xbd, 0x0, 0x0, 0x0,
    0xb9, 0x0, 0x0, 0x0, 0x1f, 0x30, 0x0, 0x0,
    0xf5, 0x0, 0x0, 0x0, 0xe, 0x70, 0x0, 0x0,
    0xd7, 0x0, 0x0, 0x0, 0xf, 0x43, 0x71, 0x0,
    0x8e, 0x0, 0x0, 0x0, 0x7f, 0x14, 0xee, 0x30,
    0x3f, 0x10, 0x0, 0x18, 0xf5, 0x0, 0xb, 0xe0,
    0x9f, 0xbf, 0xfe, 0xfe, 0x50, 0x0, 0x0, 0xe7,
    0xef, 0xb5, 0x56, 0x30, 0x0, 0x0, 0x0, 0xaa,
    0x31, 0x0, 0x2, 0x30, 0x0, 0x0, 0x0, 0xaa,
    0x0, 0x0, 0x5, 0xf1, 0x0, 0x0, 0x0, 0xe7,
    0x0, 0x0, 0x0, 0xdc, 0x10, 0x0, 0x5, 0xf0,
    0x0, 0x0, 0x0, 0x2d, 0xf9, 0x79, 0x96, 0xf3,
    0x0, 0x0, 0x0, 0x0, 0x7b, 0xdb, 0xcf, 0xf9,
    0x0, 0x0, 0x0, 0x0, 0x0, 0x0, 0x3, 0x96,

    /* U+F0EA "" */
    0x3, 0x33, 0x33, 0x33, 0x10, 0x0, 0x0, 0x9f,
    0xff, 0xff, 0xff, 0xf3, 0x0, 0x0, 0xf7, 0x0,
    0x0, 0x1, 0xd9, 0x0, 0x0, 0xf4, 0x69, 0x99,
    0x30, 0x97, 0x0, 0x0, 0xf4, 0x6a, 0xa9, 0x20,
    0x0, 0x0, 0x0, 0xf4, 0x0, 0x0, 0x4d, 0xff,
    0xfa, 0x0, 0xf4, 0x0, 0x0, 0xdb, 0x55, 0x6e,
    0xb0, 0xf4, 0x0, 0x0, 0xe6, 0x0, 0x2, 0xea,
    0xf4, 0x0, 0x0, 0xe6, 0x0, 0x0, 0x5f, 0xf4,
    0x0, 0x0, 0xe6, 0x0, 0x0, 0x4f, 0xf4, 0x0,
    0x0, 0xe6, 0x0, 0x0, 0x4f, 0xf8, 0x22, 0x20,
    0xe6, 0x0, 0x0, 0x4f, 0x8f, 0xff, 0xc0, 0xe6,
    0x0, 0x0, 0x4f, 0x2, 0x22, 0x20, 0xdb, 0x55,
    0x55, 0xae, 0x0, 0x0, 0x0, 0x4d, 0xff, 0xff,
    0xe5,

    /* U+F0EB "" */
    0x0, 0x0, 0x12, 0x0, 0x0, 0x0, 0x5, 0xef,
    0xff, 0xa1, 0x0, 0x8, 0xf8, 0x32, 0x5d, 0xe2,
    0x4, 0xf5, 0x5, 0x30, 0xc, 0xb0, 0xbb, 0xd,
    0xf7, 0x0, 0x3f, 0x2e, 0x64, 0xf2, 0x0, 0x0,
    0xe6, 0xe6, 0x14, 0x0, 0x0, 0xe, 0x6b, 0x90,
    0x0, 0x0, 0x1, 0xf3, 0x5f, 0x30, 0x0, 0x0,
    0xad, 0x0, 0xbd, 0x0, 0x0, 0x6f, 0x30, 0x1,
    0xe7, 0x0, 0xe, 0x80, 0x0, 0x9, 0xe8, 0x8a,
    0xf1, 0x0, 0x0, 0x6f, 0xff, 0xfd, 0x0, 0x0,
    0x3, 0xff, 0xff, 0xa0, 0x0, 0x0, 0x6, 0xef,
    0xb1, 0x0, 0x0,

    /* U+F0F3 "" */
    0x0, 0x0, 0x0, 0x10, 0x0, 0x0, 0x0, 0x0,
    0x0, 0x9c, 0x10, 0x0, 0x0, 0x0, 0x7, 0xff,
    0xff, 0xa0, 0x0, 0x0, 0x8, 0xf7, 0x10, 0x4e,
    0xc0, 0x0, 0x1, 0xf6, 0x0, 0x0, 0x2f, 0x50,
    0x0, 0x5f, 0x0, 0x0, 0x0, 0xb9, 0x0, 0x7,
    0xd0, 0x0, 0x0, 0x9, 0xb0, 0x0, 0x9b, 0x0,
    0x0, 0x0, 0x7d, 0x0, 0xd, 0x80, 0x0, 0x0,
    0x4, 0xf1, 0x4, 0xf2, 0x0, 0x0, 0x0, 0xe,
    0x80, 0xcc, 0x22, 0x22, 0x22, 0x22, 0x9f, 0x1c,
    0xff, 0xff, 0xff, 0xff, 0xff, 0xf1, 0x1, 0x11,
    0x11, 0x11, 0x11, 0x10, 0x0, 0x0, 0x3, 0x55,
    0x40, 0x0, 0x0, 0x0, 0x0, 0x2c, 0xd4, 0x0,
    0x0, 0x0,

    /* U+F0F6 "" */
    0x3, 0x33, 0x33, 0x0, 0x0, 0x9, 0xff, 0xff,
    0xfb, 0x0, 0x0, 0xf7, 0x0, 0x3f, 0xeb, 0x0,
    0xf, 0x40, 0x2, 0xf3, 0xdb, 0x0, 0xf4, 0x0,
    0x2f, 0x31, 0xda, 0xf, 0x40, 0x0, 0xcf, 0xff,
    0xf4, 0xf4, 0x0, 0x0, 0x45, 0x5f, 0x6f, 0x40,
    0x33, 0x33, 0x20, 0xe6, 0xf4, 0x4f, 0xff, 0xfb,
    0xe, 0x6f, 0x40, 0x0, 0x0, 0x0, 0xe6, 0xf4,
    0x6, 0x66, 0x63, 0xe, 0x6f, 0x43, 0xee, 0xee,
    0xa0, 0xe6, 0xf4, 0x0, 0x0, 0x0, 0xe, 0x6e,
    0xa5, 0x55, 0x55, 0x56, 0xf5, 0x5e, 0xff, 0xff,
    0xff, 0xfa, 0x0,

    /* U+F0F7 "" */
    0x3, 0x44, 0x44, 0x44, 0x30, 0x9, 0xff, 0xff,
    0xff, 0xff, 0xe1, 0xf7, 0x11, 0x11, 0x11, 0x2f,
    0x5f, 0x51, 0x93, 0x7, 0x70, 0xe6, 0xf5, 0x3f,
    0x70, 0xdd, 0xe, 0x6f, 0x50, 0x10, 0x1, 0x0,
    0xe6, 0xf5, 0x1, 0x0, 0x10, 0xe, 0x6f, 0x53,
    0xf7, 0xd, 0xd0, 0xe6, 0xf5, 0x19, 0x30, 0x77,
    0xe, 0x6f, 0x50, 0x0, 0x0, 0x0, 0xe6, 0xf5,
    0x0, 0x36, 0x10, 0xe, 0x6f, 0x50, 0xe, 0xf8,
    0x0, 0xe6, 0xf5, 0x0, 0xef, 0x90, 0xe, 0x6e,
    0xa5, 0x5f, 0xfb, 0x56, 0xf5, 0x5e, 0xff, 0xff,
    0xff, 0xfa, 0x0,

    /* U+F0F8 "" */
    0x0, 0x0, 0x23, 0x33, 0x33, 0x31, 0x0, 0x0,
    0x0, 0x6, 0xff, 0xff, 0xff, 0xff, 0x40, 0x0,
    0x0, 0xc, 0xa0, 0x0, 0x0, 0x1b, 0xa0, 0x0,
    0x1, 0x2d, 0x80, 0x9, 0x50, 0x9, 0xb2, 0x10,
    0x8f, 0xff, 0x70, 0x7e, 0xc5, 0x8, 0xff, 0xf7,
    0xf8, 0x11, 0x0, 0xbf, 0xe9, 0x0, 0x11, 0x9e,
    0xf4, 0x1, 0x0, 0xb, 0x70, 0x0, 0x10, 0x6e,
    0xf4, 0x3f, 0x70, 0x0, 0x0, 0x9, 0xf1, 0x6e,
    0xf4, 0x8, 0x30, 0x0, 0x0, 0x4, 0x80, 0x6e,
    0xf4, 0x19, 0x30, 0x0, 0x0, 0x4, 0x80, 0x6e,
    0xf4, 0x3f, 0x70, 0x6, 0x50, 0x9, 0xf1, 0x6e,
    0xf4, 0x1, 0x0, 0x6f, 0xf2, 0x0, 0x10, 0x6e,
    0xf4, 0x0, 0x0, 0x6f, 0xf2, 0x0, 0x0, 0x6e,
    0xea, 0x55, 0x55, 0xaf, 0xf7, 0x55, 0x55, 0xbd,
    0x5e, 0xff, 0xff, 0xff, 0xff, 0xff, 0xff, 0xd4,

    /* U+F0FE "" */
    0x4, 0x55, 0x55, 0x55, 0x55, 0x51, 0xa, 0xff,
    0xff, 0xff, 0xff, 0xff, 0xe0, 0xf6, 0x0, 0x0,
    0x0, 0x0, 0x2f, 0x3f, 0x50, 0x0, 0x1, 0x0,
    0x1, 0xf4, 0xf5, 0x0, 0x7, 0xb0, 0x0, 0x1f,
    0x4f, 0x50, 0x0, 0x8c, 0x0, 0x1, 0xf4, 0xf5,
    0xa, 0xde, 0xfd, 0xd1, 0x1f, 0x4f, 0x50, 0x47,
    0xbe, 0x76, 0x1, 0xf4, 0xf5, 0x0, 0x8, 0xc0,
    0x0, 0x1f, 0x4f, 0x50, 0x0, 0x58, 0x0, 0x1,
    0xf4, 0xf5, 0x0, 0x0, 0x0, 0x0, 0x1f, 0x4e,
    0xa5, 0x55, 0x55, 0x55, 0x57, 0xf2, 0x5e, 0xff,
    0xff, 0xff, 0xff, 0xe8, 0x0,

    /* U+F10C "" */
    0x0, 0x0, 0x1, 0x33, 0x10, 0x0, 0x0, 0x0,
    0x2, 0xbf, 0xff, 0xfb, 0x20, 0x0, 0x0, 0x7f,
    0xb5, 0x22, 0x5b, 0xf7, 0x0, 0x6, 0xf6, 0x0,
    0x0, 0x0, 0x6f, 0x60, 0x1f, 0x70, 0x0, 0x0,
    0x0, 0x7, 0xf1, 0x9d, 0x0, 0x0, 0x0, 0x0,
    0x0, 0xd9, 0xd9, 0x0, 0x0, 0x0, 0x0, 0x0,
    0x9d, 0xf6, 0x0, 0x0, 0x0, 0x0, 0x0, 0x6f,
    0xe7, 0x0, 0x0, 0x0, 0x0, 0x0, 0x7e, 0xca,
    0x0, 0x0, 0x0, 0x0, 0x0, 0xac, 0x6f, 0x10,
    0x0, 0x0, 0x0, 0x1, 0xf6, 0xc, 0xb0, 0x0,
    0x0, 0x0, 0xb, 0xc0, 0x2, 0xfc, 0x20, 0x0,
    0x2, 0xcf, 0x20, 0x0, 0x2c, 0xfc, 0x88, 0xcf,
    0xc2, 0x0, 0x0, 0x0, 0x5a, 0xdc, 0xa5, 0x0,
    0x0,

    /* U+F111 "" */
    0x0, 0x0, 0x1, 0x33, 0x10, 0x0, 0x0, 0x0,
    0x2, 0xbf, 0xff, 0xfb, 0x20, 0x0, 0x0, 0x7f,
    0xb5, 0x22, 0x5b, 0xf7, 0x0, 0x6, 0xf6, 0x0,
    0x0, 0x0, 0x6f, 0x60, 0x1f, 0x70, 0x0, 0x0,
    0x0, 0x7, 0xf1, 0x9d, 0x0, 0x0, 0x0, 0x0,
    0x0, 0xd9, 0xd9, 0x0, 0x0, 0x0, 0x0, 0x0,
    0x9d, 0xf6, 0x0, 0x0, 0x0, 0x0, 0x0, 0x6f,
    0xe7, 0x0, 0x0, 0x0, 0x0, 0x0, 0x7e, 0xca,
    0x0, 0x0, 0x0, 0x0, 0x0, 0xac, 0x6f, 0x10,
    0x0, 0x0, 0x0, 0x1, 0xf6, 0xc, 0xb0, 0x0,
    0x0, 0x0, 0xb, 0xc0, 0x2, 0xfc, 0x20, 0x0,
    0x2, 0xcf, 0x20, 0x0, 0x2c, 0xfc, 0x88, 0xcf,
    0xc2, 0x0, 0x0, 0x0, 0x5a, 0xdc, 0xa5, 0x0,
    0x0,

    /* U+F114 "" */
    0x5, 0x66, 0x65, 0x10, 0x0, 0x0, 0x0, 0xbf,
    0xff, 0xff, 0xf5, 0x11, 0x11, 0x0, 0xf6, 0x0,
    0x0, 0x8f, 0xff, 0xff, 0xf7, 0xf5, 0x0, 0x0,
    0x0, 0x34, 0x44, 0x9f, 0xf5, 0x0, 0x0, 0x0,
    0x0, 0x0, 0x5f, 0xf5, 0x0, 0x0, 0x0, 0x0,
    0x0, 0x5f, 0xf5, 0x0, 0x0, 0x0, 0x0, 0x0,
    0x5f, 0xf5, 0x0, 0x0, 0x0, 0x0, 0x0, 0x5f,
    0xf5, 0x0, 0x0, 0x0, 0x0, 0x0, 0x5f, 0xf5,
    0x0, 0x0, 0x0, 0x0, 0x0, 0x5f, 0xf9, 0x55,
    0x55, 0x55, 0x55, 0x55, 0x9f, 0x6f, 0xff, 0xff,
    0xff, 0xff, 0xff, 0xf6,

    /* U+F115 "" */
    0x0, 0x55, 0x55, 0x50, 0x0, 0x0, 0x0, 0x0,
    0xd, 0xfe, 0xee, 0xfe, 0x41, 0x0, 0x0, 0x0,
    0x1f, 0x40, 0x0, 0x9, 0xff, 0xff, 0xf7, 0x0,
    0x1f, 0x20, 0x0, 0x0, 0x13, 0x33, 0x7a, 0x0,
    0x1f, 0x20, 0x0, 0x0, 0x0, 0x0, 0x0, 0x0,
    0x1f, 0x3c, 0xff, 0xff, 0xff, 0xff, 0xff, 0xf5,
    0x1f, 0x9f, 0x54, 0x44, 0x44, 0x44, 0x44, 0xca,
    0x1f, 0xea, 0x0, 0x0, 0x0, 0x0, 0x0, 0xf6,
    0x1f, 0xf5, 0x0, 0x0, 0x0, 0x0, 0x4, 0xf1,
    0x1f, 0xf1, 0x0, 0x0, 0x0, 0x0, 0x9, 0xc0,
    0x1f, 0xd4, 0x44, 0x44, 0x44, 0x44, 0x4e, 0x70,
    0x8, 0xff, 0xff, 0xff, 0xff, 0xff, 0xfd, 0x10,

    /* U+F118 "" */
    0x0, 0x0, 0x1, 0x33, 0x10, 0x0, 0x0, 0x0,
    0x2, 0xbf, 0xff, 0xfb, 0x20, 0x0, 0x0, 0x7f,
    0xb5, 0x22, 0x5b, 0xf7, 0x0, 0x6, 0xf6, 0x0,
    0x0, 0x0, 0x6f, 0x60, 0x1f, 0x70, 0x0, 0x0,
    0x0, 0x7, 0xf1, 0x9d, 0x0, 0x54, 0x0, 0x27,
    0x0, 0xd9, 0xd9, 0x0, 0xda, 0x0, 0x7f, 0x10,
    0x9d, 0xf6, 0x0, 0x0, 0x0, 0x0, 0x0, 0x6f,
    0xe7, 0x0, 0x0, 0x0, 0x0, 0x0, 0x7e, 0xca,
    0x0, 0x81, 0x0, 0x7, 0x10, 0xac, 0x6f, 0x10,
    0xde, 0x98, 0xde, 0x21, 0xf6, 0xc, 0xb0, 0x7,
    0xbc, 0x81, 0xb, 0xc0, 0x2, 0xfc, 0x20, 0x0,
    0x2, 0xcf, 0x20, 0x0, 0x2c, 0xfc, 0x88, 0xcf,
    0xc2, 0x0, 0x0, 0x0, 0x5a, 0xdc, 0xa5, 0x0,
    0x0,

    /* U+F119 "" */
    0x0, 0x0, 0x1, 0x33, 0x10, 0x0, 0x0, 0x0,
    0x2, 0xbf, 0xff, 0xfb, 0x20, 0x0, 0x0, 0x7f,
    0xb5, 0x22, 0x5b, 0xf7, 0x0, 0x6, 0xf6, 0x0,
    0x0, 0x0, 0x6f, 0x60, 0x1f, 0x70, 0x0, 0x0,
    0x0, 0x7, 0xf1, 0x9d, 0x0, 0x54, 0x0, 0x27,
    0x0, 0xd9, 0xd9, 0x0, 0xda, 0x0, 0x7f, 0x10,
    0x9d, 0xf6, 0x0, 0x0, 0x0, 0x0, 0x0, 0x6f,
    0xe7, 0x0, 0x0, 0x0, 0x0, 0x0, 0x7e, 0xca,
    0x0, 0x29, 0xdd, 0xa3, 0x0, 0xac, 0x6f, 0x11,
    0xfc, 0x77, 0xbf, 0x31, 0xf6, 0xc, 0xb0, 0x30,
    0x0, 0x2, 0xb, 0xc0, 0x2, 0xfc, 0x20, 0x0,
    0x2, 0xcf, 0x20, 0x0, 0x2c, 0xfc, 0x88, 0xcf,
    0xc2, 0x0, 0x0, 0x0, 0x5a, 0xdc, 0xa5, 0x0,
    0x0,

    /* U+F11A "" */
    0x0, 0x0, 0x1, 0x33, 0x10, 0x0, 0x0, 0x0,
    0x2, 0xbf, 0xff, 0xfb, 0x20, 0x0, 0x0, 0x7f,
    0xb5, 0x22, 0x5b, 0xf7, 0x0, 0x6, 0xf6, 0x0,
    0x0, 0x0, 0x6f, 0x60, 0x1f, 0x70, 0x0, 0x0,
    0x0, 0x7, 0xf1, 0x9d, 0x0, 0x63, 0x0, 0x36,
    0x0, 0xd9, 0xd9, 0x0, 0xe8, 0x0, 0x8e, 0x0,
    0x9d, 0xf6, 0x0, 0x0, 0x0, 0x0, 0x0, 0x6f,
    0xe7, 0x0, 0x0, 0x0, 0x0, 0x0, 0x7e, 0xca,
    0x0, 0x15, 0x55, 0x51, 0x0, 0xac, 0x6f, 0x10,
    0x7f, 0xff, 0xf7, 0x1, 0xf6, 0xc, 0xb0, 0x0,
    0x0, 0x0, 0xb, 0xc0, 0x2, 0xfc, 0x20, 0x0,
    0x2, 0xcf, 0x20, 0x0, 0x2c, 0xfc, 0x88, 0xcf,
    0xc2, 0x0, 0x0, 0x0, 0x5a, 0xcc, 0xa5, 0x0,
    0x0,

    /* U+F11C "" */
    0x4, 0x55, 0x55, 0x55, 0x55, 0x55, 0x55, 0x40,
    0xaf, 0xff, 0xff, 0xff, 0xff, 0xff, 0xff, 0xf9,
    0xf6, 0x0, 0x0, 0x0, 0x0, 0x0, 0x0, 0x7e,
    0xf5, 0x1e, 0x1d, 0x3a, 0x67, 0x94, 0xc0, 0x6e,
    0xf5, 0x2, 0x2, 0x1, 0x1, 0x10, 0x20, 0x6e,
    0xf5, 0x1d, 0x1c, 0x39, 0x67, 0x84, 0xb0, 0x6e,
    0xf5, 0x5, 0x4, 0x3, 0x12, 0x31, 0x40, 0x6e,
    0xf5, 0x0, 0x38, 0x88, 0x88, 0x71, 0x0, 0x6e,
    0xf5, 0x0, 0x6d, 0xdd, 0xdd, 0xc3, 0x0, 0x6e,
    0xf9, 0x55, 0x55, 0x55, 0x55, 0x55, 0x55, 0xad,
    0x6f, 0xff, 0xff, 0xff, 0xff, 0xff, 0xff, 0xe5,

    /* U+F11D "" */
    0x0, 0x0, 0x0, 0x0, 0x0, 0x0, 0xf, 0x40,
    0x35, 0x50, 0x0, 0x0, 0x10, 0xfd, 0xff, 0xef,
    0xfc, 0x9a, 0xef, 0x2f, 0xb5, 0x10, 0x5, 0xac,
    0xc8, 0xf3, 0xf4, 0x0, 0x0, 0x0, 0x0, 0xf,
    0x3f, 0x40, 0x0, 0x0, 0x0, 0x0, 0xf3, 0xf4,
    0x0, 0x0, 0x0, 0x0, 0xf, 0x3f, 0x40, 0x0,
    0x0, 0x0, 0x0, 0xf3, 0xf4, 0x0, 0x0, 0x0,
    0x0, 0xf, 0x3f, 0x52, 0x67, 0x72, 0x0, 0x0,
    0xf3, 0xff, 0xff, 0xde, 0xfe, 0x99, 0xdf, 0x2f,
    0x92, 0x0, 0x2, 0x7b, 0xa8, 0x30, 0xf4, 0x0,
    0x0, 0x0, 0x0, 0x0, 0xf, 0x40, 0x0, 0x0,
    0x0, 0x0, 0x0, 0xb2, 0x0, 0x0, 0x0, 0x0,
    0x0, 0x0,

    /* U+F123 "" */
    0x0, 0x0, 0x0, 0x8, 0x10, 0x0, 0x0, 0x5,
    0xf5, 0x0, 0x0, 0x0, 0xdf, 0x50, 0x0, 0x0,
    0x6f, 0xf5, 0x3, 0x68, 0xbf, 0x9f, 0x57, 0xff,
    0xca, 0x70, 0xf5, 0x1d, 0xd1, 0x0, 0xf, 0x50,
    0x1d, 0xd1, 0x0, 0xf5, 0x0, 0x1d, 0xc0, 0xf,
    0x50, 0x0, 0x6f, 0x0, 0xf5, 0x0, 0x8, 0xc0,
    0xf, 0x50, 0x0, 0xba, 0x19, 0xf3, 0x0, 0xd,
    0xdf, 0xd5, 0x0, 0x0, 0xfd, 0x60, 0x0, 0x0,
    0x1, 0x0, 0x0, 0x0,

    /* U+F133 "" */
    0x0, 0x0, 0x0, 0x0, 0x0, 0x0, 0x0, 0x4,
    0xd0, 0x0, 0xd, 0x50, 0x0, 0x4, 0x9f, 0x55,
    0x55, 0xf9, 0x50, 0xb, 0xff, 0xff, 0xff, 0xff,
    0xff, 0xd0, 0xf6, 0x0, 0x0, 0x0, 0x0, 0x2f,
    0x3f, 0x85, 0x55, 0x55, 0x55, 0x56, 0xf4, 0xff,
    0xff, 0xff, 0xff, 0xff, 0xff, 0x4f, 0x50, 0x0,
    0x0, 0x0, 0x1, 0xf4, 0xf5, 0x0, 0x0, 0x0,
    0x0, 0x1f, 0x4f, 0x50, 0x0, 0x0, 0x0, 0x1,
    0xf4, 0xf5, 0x0, 0x0, 0x0, 0x0, 0x1f, 0x4f,
    0x50, 0x0, 0x0, 0x0, 0x1, 0xf4, 0xea, 0x55,
    0x55, 0x55, 0x55, 0x7f, 0x25, 0xef, 0xff, 0xff,
    0xff, 0xfe, 0x80,

    /* U+F144 "" */
    0x0, 0x0, 0x1, 0x33, 0x10, 0x0, 0x0, 0x0,
    0x2, 0xbf, 0xff, 0xfb, 0x20, 0x0, 0x0, 0x7f,
    0xb5, 0x22, 0x5b, 0xf7, 0x0, 0x6, 0xf6, 0x0,
    0x0, 0x0, 0x6f, 0x60, 0x1f, 0x70, 0x2, 0x0,
    0x0, 0x7, 0xf1, 0x9d, 0x0, 0x2f, 0xc3, 0x0,
    0x0, 0xd9, 0xd9, 0x0, 0x2f, 0xdf, 0x91, 0x0,
    0x9d, 0xf6, 0x0, 0x2f, 0x26, 0xfd, 0x0, 0x6f,
    0xe7, 0x0, 0x2f, 0x5d, 0xf7, 0x0, 0x7e, 0xca,
    0x0, 0x2f, 0xfb, 0x20, 0x0, 0xac, 0x6f, 0x10,
    0x1b, 0x40, 0x0, 0x1, 0xf6, 0xc, 0xb0, 0x0,
    0x0, 0x0, 0xb, 0xc0, 0x2, 0xfc, 0x20, 0x0,
    0x2, 0xcf, 0x20, 0x0, 0x2c, 0xfc, 0x88, 0xcf,
    0xc2, 0x0, 0x0, 0x0, 0x5a, 0xcc, 0xa5, 0x0,
    0x0,

    /* U+F146 "" */
    0x4, 0x55, 0x55, 0x55, 0x55, 0x51, 0xa, 0xff,
    0xff, 0xff, 0xff, 0xff, 0xe0, 0xf6, 0x0, 0x0,
    0x0, 0x0, 0x2f, 0x3f, 0x50, 0x0, 0x0, 0x0,
    0x1, 0xf4, 0xf5, 0x0, 0x0, 0x0, 0x0, 0x1f,
    0x4f, 0x50, 0x0, 0x0, 0x0, 0x1, 0xf4, 0xf5,
    0xb, 0xff, 0xff, 0xe1, 0x1f, 0x4f, 0x50, 0x35,
    0x55, 0x55, 0x1, 0xf4, 0xf5, 0x0, 0x0, 0x0,
    0x0, 0x1f, 0x4f, 0x50, 0x0, 0x0, 0x0, 0x1,
    0xf4, 0xf5, 0x0, 0x0, 0x0, 0x0, 0x1f, 0x4e,
    0xa5, 0x55, 0x55, 0x55, 0x57, 0xf2, 0x5e, 0xff,
    0xff, 0xff, 0xff, 0xe8, 0x0,

    /* U+F147 "" */
    0x4, 0x55, 0x55, 0x55, 0x55, 0x51, 0xa, 0xff,
    0xff, 0xff, 0xff, 0xff, 0xe0, 0xf6, 0x0, 0x0,
    0x0, 0x0, 0x2f, 0x3f, 0x50, 0x0, 0x0, 0x0,
    0x1, 0xf4, 0xf5, 0x0, 0x0, 0x0, 0x0, 0x1f,
    0x4f, 0x50, 0x0, 0x0, 0x0, 0x1, 0xf4, 0xf5,
    0xb, 0xff, 0xff, 0xe1, 0x1f, 0x4f, 0x50, 0x35,
    0x55, 0x55, 0x1, 0xf4, 0xf5, 0x0, 0x0, 0x0,
    0x0, 0x1f, 0x4f, 0x50, 0x0, 0x0, 0x0, 0x1,
    0xf4, 0xf5, 0x0, 0x0, 0x0, 0x0, 0x1f, 0x4e,
    0xa5, 0x55, 0x55, 0x55, 0x57, 0xf2, 0x5e, 0xff,
    0xff, 0xff, 0xff, 0xe8, 0x0,

    /* U+F14A "" */
    0x4, 0x55, 0x55, 0x55, 0x55, 0x51, 0xa, 0xff,
    0xff, 0xff, 0xff, 0xff, 0xe0, 0xf6, 0x0, 0x0,
    0x0, 0x0, 0x2f, 0x3f, 0x50, 0x0, 0x0, 0x0,
    0x1, 0xf4, 0xf5, 0x0, 0x0, 0x1, 0xb1, 0x1f,
    0x4f, 0x50, 0x0, 0x0, 0xbd, 0x1, 0xf4, 0xf5,
    0x0, 0x0, 0x7f, 0x30, 0x1f, 0x4f, 0x50, 0x84,
    0x3f, 0x70, 0x1, 0xf4, 0xf5, 0x9, 0xfe, 0xb0,
    0x0, 0x1f, 0x4f, 0x50, 0x9, 0xd1, 0x0, 0x1,
    0xf4, 0xf5, 0x0, 0x0, 0x0, 0x0, 0x1f, 0x4e,
    0xa5, 0x55, 0x55, 0x55, 0x57, 0xf2, 0x5e, 0xff,
    0xff, 0xff, 0xff, 0xe8, 0x0,

    /* U+F14D "" */
    0x0, 0x0, 0x0, 0x0, 0x0, 0x0, 0x0, 0x0,
    0x0, 0x0, 0x0, 0x0, 0x0, 0x5d, 0x20, 0x0,
    0x0, 0x0, 0x0, 0x0, 0x0, 0x7f, 0xe2, 0x0,
    0x0, 0x57, 0x10, 0x7, 0xbe, 0xfd, 0xce, 0x20,
    0xa, 0xfd, 0x31, 0xde, 0x86, 0x63, 0xb, 0xe2,
    0xf, 0x50, 0xa, 0xd1, 0x0, 0x0, 0x5, 0xf6,
    0x1f, 0x30, 0xf, 0x56, 0xdf, 0xfb, 0x6f, 0x80,
    0x1f, 0x30, 0x1f, 0x8f, 0x85, 0xaf, 0xf8, 0x0,
    0x1f, 0x30, 0xe, 0xf9, 0x0, 0x7f, 0x70, 0x0,
    0x1f, 0x30, 0x7, 0xf8, 0x0, 0x14, 0x0, 0x0,
    0x1f, 0x30, 0x0, 0x87, 0x0, 0x0, 0x0, 0x0,
    0x1f, 0x30, 0x0, 0x0, 0x0, 0x6, 0x0, 0x0,
    0x1f, 0x30, 0x0, 0x0, 0x0, 0xf, 0x40, 0x0,
    0xe, 0xb5, 0x55, 0x55, 0x55, 0x9f, 0x10, 0x0,
    0x4, 0xdf, 0xff, 0xff, 0xff, 0xd5, 0x0, 0x0,

    /* U+F14E "" */
    0x0, 0x0, 0x1, 0x33, 0x10, 0x0, 0x0, 0x0,
    0x2, 0xbf, 0xff, 0xfb, 0x20, 0x0, 0x0, 0x7f,
    0xb5, 0x22, 0x5b, 0xf7, 0x0, 0x6, 0xf6, 0x0,
    0x0, 0x0, 0x6f, 0x60, 0x1f, 0x70, 0x0, 0x0,
    0x49, 0x27, 0xf1, 0x9d, 0x0, 0x1, 0x7d, 0xff,
    0x40, 0xd9, 0xd9, 0x0, 0xe, 0xff, 0xfe, 0x0,
    0x9d, 0xf6, 0x0, 0x5f, 0x44, 0xf8, 0x0, 0x6f,
    0xe7, 0x0, 0xbf, 0x99, 0xf2, 0x0, 0x7e, 0xca,
    0x1, 0xff, 0xff, 0x70, 0x0, 0xac, 0x6f, 0x15,
    0xfc, 0x60, 0x0, 0x1, 0xf6, 0xc, 0xb0, 0x10,
    0x0, 0x0, 0xb, 0xc0, 0x2, 0xfc, 0x20, 0x0,
    0x2, 0xcf, 0x20, 0x0, 0x2c, 0xfc, 0x88, 0xcf,
    0xc2, 0x0, 0x0, 0x0, 0x5a, 0xdc, 0xa5, 0x0,
    0x0,

    /* U+F150 "" */
    0x4, 0x55, 0x55, 0x55, 0x55, 0x51, 0xa, 0xff,
    0xff, 0xff, 0xff, 0xff, 0xe0, 0xf6, 0x0, 0x0,
    0x0, 0x0, 0x2f, 0x3f, 0x50, 0x0, 0x0, 0x0,
    0x1, 0xf4, 0xf5, 0x0, 0x0, 0x0, 0x0, 0x1f,
    0x4f, 0x53, 0xff, 0xff, 0xff, 0x61, 0xf4, 0xf5,
    0xc, 0xff, 0xff, 0xe2, 0x1f, 0x4f, 0x50, 0x1d,
    0xff, 0xf3, 0x1, 0xf4, 0xf5, 0x0, 0x1d, 0xf4,
    0x0, 0x1f, 0x4f, 0x50, 0x0, 0x13, 0x0, 0x1,
    0xf4, 0xf5, 0x0, 0x0, 0x0, 0x0, 0x1f, 0x4e,
    0xa5, 0x55, 0x55, 0x55, 0x57, 0xf2, 0x5e, 0xff,
    0xff, 0xff, 0xff, 0xe8, 0x0,

    /* U+F151 "" */
    0x4, 0x55, 0x55, 0x55, 0x55, 0x51, 0xa, 0xff,
    0xff, 0xff, 0xff, 0xff, 0xe0, 0xf6, 0x0, 0x0,
    0x0, 0x0, 0x2f, 0x3f, 0x50, 0x0, 0x0, 0x0,
    0x1, 0xf4, 0xf5, 0x0, 0x8, 0xb0, 0x0, 0x1f,
    0x4f, 0x50, 0x8, 0xff, 0xb0, 0x1, 0xf4, 0xf5,
    0x6, 0xff, 0xff, 0xa0, 0x1f, 0x4f, 0x53, 0xff,
    0xff, 0xff, 0x71, 0xf4, 0xf5, 0x6, 0x66, 0x66,
    0x62, 0x1f, 0x4f, 0x50, 0x0, 0x0, 0x0, 0x1,
    0xf4, 0xf5, 0x0, 0x0, 0x0, 0x0, 0x1f, 0x4e,
    0xa5, 0x55, 0x55, 0x55, 0x57, 0xf2, 0x5e, 0xff,
    0xff, 0xff, 0xff, 0xe8, 0x0,

    /* U+F152 "" */
    0x4, 0x55, 0x55, 0x55, 0x55, 0x51, 0xa, 0xff,
    0xff, 0xff, 0xff, 0xff, 0xe0, 0xf6, 0x0, 0x0,
    0x0, 0x0, 0x2f, 0x3f, 0x50, 0x3, 0x90, 0x0,
    0x1, 0xf4, 0xf5, 0x0, 0x7f, 0xc0, 0x0, 0x1f,
    0x4f, 0x50, 0x7, 0xff, 0xc1, 0x1, 0xf4, 0xf5,
    0x0, 0x7f, 0xff, 0xc0, 0x1f, 0x4f, 0x50, 0x7,
    0xff, 0xf6, 0x1, 0xf4, 0xf5, 0x0, 0x7f, 0xf5,
    0x0, 0x1f, 0x4f, 0x50, 0x6, 0xf4, 0x0, 0x1,
    0xf4, 0xf5, 0x0, 0x1, 0x0, 0x0, 0x1f, 0x4e,
    0xa5, 0x55, 0x55, 0x55, 0x57, 0xf2, 0x5e, 0xff,
    0xff, 0xff, 0xff, 0xe8, 0x0,

    /* U+F15B "" */
    0x3, 0x44, 0x43, 0x0, 0x0, 0x9, 0xff, 0xff,
    0xfb, 0x0, 0x0, 0xf7, 0x11, 0x3f, 0xeb, 0x0,
    0xf, 0x50, 0x3, 0xf3, 0xdb, 0x0, 0xf5, 0x0,
    0x2f, 0x31, 0xda, 0xf, 0x50, 0x0, 0xcf, 0xff,
    0xf4, 0xf5, 0x0, 0x0, 0x45, 0x5f, 0x6f, 0x50,
    0x0, 0x0, 0x0, 0xe6, 0xf5, 0x0, 0x0, 0x0,
    0xe, 0x6f, 0x50, 0x0, 0x0, 0x0, 0xe6, 0xf5,
    0x0, 0x0, 0x0, 0xe, 0x6f, 0x50, 0x0, 0x0,
    0x0, 0xe6, 0xf5, 0x0, 0x0, 0x0, 0xe, 0x6e,
    0xa5, 0x55, 0x55, 0x56, 0xf5, 0x5e, 0xff, 0xff,
    0xff, 0xfa, 0x0,

    /* U+F15C "" */
    0x3, 0x33, 0x33, 0x0, 0x0, 0x9, 0xff, 0xff,
    0xfb, 0x0, 0x0, 0xf7, 0x0, 0x3f, 0xeb, 0x0,
    0xf, 0x40, 0x2, 0xf3, 0xdb, 0x0, 0xf4, 0x0,
    0x2f, 0x31, 0xda, 0xf, 0x40, 0x0, 0xcf, 0xff,
    0xf4, 0xf4, 0x0, 0x0, 0x45, 0x5f, 0x6f, 0x40,
    0x33, 0x33, 0x20, 0xe6, 0xf4, 0x4f, 0xff, 0xfb,
    0xe, 0x6f, 0x40, 0x0, 0x0, 0x0, 0xe6, 0xf4,
    0x6, 0x66, 0x63, 0xe, 0x6f, 0x43, 0xee, 0xee,
    0xa0, 0xe6, 0xf4, 0x0, 0x0, 0x0, 0xe, 0x6e,
    0xa5, 0x55, 0x55, 0x56, 0xf5, 0x5e, 0xff, 0xff,
    0xff, 0xfa, 0x0,

    /* U+F164 "" */
    0x0, 0x0, 0x0, 0x30, 0x0, 0x0, 0x0, 0x0,
    0x0, 0x1e, 0xff, 0x30, 0x0, 0x0, 0x0, 0x0,
    0xad, 0x2c, 0xa0, 0x0, 0x0, 0x0, 0x1, 0xf5,
    0xc, 0xa0, 0x0, 0x0, 0x4, 0x49, 0xd0, 0x3f,
    0x85, 0x53, 0x0, 0xaf, 0xff, 0x60, 0x5f, 0xff,
    0xff, 0xa0, 0xf5, 0x6f, 0x10, 0x0, 0x0, 0x6,
    0xf1, 0xf5, 0x6f, 0x0, 0x0, 0x0, 0x8, 0xe0,
    0xf5, 0x6f, 0x0, 0x0, 0x0, 0x4, 0xf0, 0xf5,
    0x6f, 0x0, 0x0, 0x0, 0xa, 0xc0, 0xf5, 0x6f,
    0x30, 0x0, 0x0, 0xc, 0xa0, 0xf5, 0x6f, 0xc0,
    0x0, 0x0, 0x6f, 0x40, 0xea, 0xae, 0xee, 0x87,
    0x77, 0xd9, 0x0, 0x5d, 0xc4, 0x18, 0xce, 0xee,
    0xa1, 0x0,

    /* U+F165 "" */
    0x0, 0x0, 0x0, 0x13, 0x33, 0x0, 0x0, 0x0,
    0x0, 0x4e, 0xff, 0xff, 0xe3, 0x0, 0x16, 0x66,
    0xf9, 0x31, 0x11, 0xac, 0x0, 0xce, 0xef, 0x80,
    0x0, 0x0, 0x4f, 0x70, 0xf5, 0x6f, 0x10, 0x0,
    0x0, 0xb, 0xa0, 0xf5, 0x6f, 0x0, 0x0, 0x0,
    0x7, 0xe0, 0xf5, 0x6f, 0x0, 0x0, 0x0, 0x7,
    0xf0, 0xf5, 0x6f, 0x0, 0x0, 0x0, 0x5, 0xf1,
    0xf5, 0x6f, 0x30, 0x28, 0x88, 0x8c, 0xe0, 0xf5,
    0x6f, 0xa0, 0x6f, 0xcb, 0xb9, 0x20, 0xce, 0xee,
    0xf2, 0xe, 0x80, 0x0, 0x0, 0x16, 0x61, 0xd9,
    0xa, 0xb0, 0x0, 0x0, 0x0, 0x0, 0x4f, 0xaf,
    0x50, 0x0, 0x0, 0x0, 0x0, 0x3, 0x96, 0x0,
    0x0, 0x0,

    /* U+F185 "" */
    0x0, 0x0, 0x0, 0x0, 0x0, 0x0, 0x0, 0x0,
    0x0, 0x0, 0x0, 0xc, 0x80, 0x0, 0x0, 0x0,
    0x0, 0x0, 0x0, 0x8f, 0xf4, 0x0, 0x0, 0x0,
    0x0, 0xac, 0x97, 0xf6, 0xae, 0x7a, 0xd7, 0x0,
    0x0, 0xbd, 0xbe, 0xa0, 0x1d, 0xea, 0xf7, 0x0,
    0x0, 0x8c, 0x0, 0x15, 0x50, 0x0, 0xf4, 0x0,
    0x0, 0x7f, 0x5, 0xfe, 0xfe, 0x33, 0xf3, 0x0,
    0x8, 0xfa, 0x1f, 0x70, 0xb, 0xd0, 0xdf, 0x60,
    0xcf, 0x50, 0x5f, 0x0, 0x3, 0xf1, 0x8, 0xf8,
    0x6f, 0xb2, 0x4f, 0x10, 0x5, 0xf0, 0x4d, 0xe3,
    0x2, 0xce, 0xd, 0xd5, 0x6e, 0x92, 0xfa, 0x10,
    0x0, 0x6e, 0x1, 0xaf, 0xe8, 0x2, 0xf3, 0x0,
    0x0, 0xab, 0x25, 0x20, 0x4, 0x41, 0xf6, 0x0,
    0x0, 0xcf, 0xff, 0xe1, 0x4f, 0xff, 0xf9, 0x0,
    0x0, 0x56, 0x20, 0xdb, 0xda, 0x3, 0x63, 0x0,
    0x0, 0x0, 0x0, 0x3f, 0xe1, 0x0, 0x0, 0x0,
    0x0, 0x0, 0x0, 0x5, 0x30, 0x0, 0x0, 0x0,

    /* U+F186 "" */
    0x0, 0x0, 0x0, 0x11, 0x0, 0x0, 0x0, 0x0,
    0x1a, 0xff, 0xfd, 0x0, 0x0, 0x0, 0x6f, 0xc7,
    0xdf, 0x50, 0x0, 0x0, 0x5f, 0x70, 0x6f, 0x30,
    0x0, 0x0, 0x1e, 0x80, 0xe, 0x70, 0x0, 0x0,
    0x8, 0xd0, 0x4, 0xf1, 0x0, 0x0, 0x0, 0xd9,
    0x0, 0x5f, 0x0, 0x0, 0x0, 0xf, 0x60, 0x4,
    0xf0, 0x0, 0x0, 0x0, 0xf7, 0x0, 0x1f, 0x40,
    0x0, 0x0, 0xc, 0xa0, 0x0, 0xbc, 0x0, 0x0,
    0x0, 0x7e, 0x10, 0x2, 0xfa, 0x0, 0x0, 0x0,
    0xcb, 0x0, 0x3, 0xed, 0x74, 0x10, 0x2, 0xfc,
    0x20, 0x1, 0x8e, 0xfe, 0x0, 0x2, 0xcf, 0xc8,
    0x8b, 0xfc, 0x20, 0x0, 0x0, 0x5a, 0xdd, 0xa5,
    0x0, 0x0,

    /* U+F18E "" */
    0x0, 0x0, 0x1, 0x33, 0x10, 0x0, 0x0, 0x0,
    0x2, 0xbf, 0xff, 0xfb, 0x20, 0x0, 0x0, 0x7f,
    0xb5, 0x22, 0x5b, 0xf7, 0x0, 0x6, 0xf6, 0x0,
    0x0, 0x0, 0x6f, 0x60, 0x1f, 0x70, 0x0, 0x4,
    0x0, 0x7, 0xf1, 0x9d, 0x0, 0x0, 0xf, 0x80,
    0x0, 0xd9, 0xd9, 0x0, 0x0, 0xf, 0xf8, 0x0,
    0x9d, 0xf6, 0x6, 0xff, 0xff, 0xff, 0x70, 0x6f,
    0xe7, 0x3, 0xbb, 0xbf, 0xff, 0x30, 0x7e, 0xca,
    0x0, 0x0, 0xf, 0xf3, 0x0, 0xac, 0x6f, 0x10,
    0x0, 0xe, 0x30, 0x1, 0xf6, 0xc, 0xb0, 0x0,
    0x0, 0x0, 0xb, 0xc0, 0x2, 0xfc, 0x20, 0x0,
    0x2, 0xcf, 0x20, 0x0, 0x2c, 0xfc, 0x88, 0xcf,
    0xc2, 0x0, 0x0, 0x0, 0x5a, 0xcc, 0xa5, 0x0,
    0x0,

    /* U+F190 "" */
    0x0, 0x0, 0x1, 0x33, 0x10, 0x0, 0x0, 0x0,
    0x2, 0xbf, 0xff, 0xfb, 0x20, 0x0, 0x0, 0x7f,
    0xb5, 0x22, 0x5b, 0xf7, 0x0, 0x6, 0xf6, 0x0,
    0x0, 0x0, 0x6f, 0x60, 0x1f, 0x70, 0x0, 0x40,
    0x0, 0x7, 0xf1, 0x9d, 0x0, 0x8, 0xf0, 0x0,
    0x0, 0xd9, 0xd9, 0x0, 0x8f, 0xf0, 0x0, 0x0,
    0x9d, 0xf6, 0x7, 0xff, 0xff, 0xff, 0x60, 0x6f,
    0xe7, 0x4, 0xff, 0xfb, 0xbb, 0x30, 0x7e, 0xca,
    0x0, 0x4f, 0xf0, 0x0, 0x0, 0xac, 0x6f, 0x10,
    0x4, 0xe0, 0x0, 0x1, 0xf6, 0xc, 0xb0, 0x0,
    0x0, 0x0, 0xb, 0xc0, 0x2, 0xfc, 0x20, 0x0,
    0x2, 0xcf, 0x20, 0x0, 0x2c, 0xfc, 0x88, 0xcf,
    0xc2, 0x0, 0x0, 0x0, 0x5a, 0xcc, 0xa5, 0x0,
    0x0,

    /* U+F191 "" */
    0x4, 0x55, 0x55, 0x55, 0x55, 0x51, 0xa, 0xff,
    0xff, 0xff, 0xff, 0xff, 0xe0, 0xf6, 0x0, 0x0,
    0x0, 0x0, 0x2f, 0x3f, 0x50, 0x0, 0x4, 0x80,
    0x1, 0xf4, 0xf5, 0x0, 0x5, 0xfe, 0x0, 0x1f,
    0x4f, 0x50, 0x6, 0xff, 0xe0, 0x1, 0xf4, 0xf5,
    0x4, 0xff, 0xfe, 0x0, 0x1f, 0x4f, 0x50, 0x1d,
    0xff, 0xe0, 0x1, 0xf4, 0xf5, 0x0, 0x1c, 0xfe,
    0x0, 0x1f, 0x4f, 0x50, 0x0, 0xb, 0xd0, 0x1,
    0xf4, 0xf5, 0x0, 0x0, 0x1, 0x0, 0x1f, 0x4e,
    0xa5, 0x55, 0x55, 0x55, 0x57, 0xf2, 0x5e, 0xff,
    0xff, 0xff, 0xff, 0xe8, 0x0,

    /* U+F192 "" */
    0x0, 0x0, 0x1, 0x33, 0x10, 0x0, 0x0, 0x0,
    0x2, 0xbf, 0xff, 0xfb, 0x20, 0x0, 0x0, 0x7f,
    0xb5, 0x22, 0x5b, 0xf7, 0x0, 0x6, 0xf6, 0x0,
    0x0, 0x0, 0x6f, 0x60, 0x1f, 0x70, 0x0, 0x0,
    0x0, 0x7, 0xf1, 0x9d, 0x0, 0x6, 0xcb, 0x40,
    0x0, 0xd9, 0xd9, 0x0, 0x6f, 0xff, 0xf2, 0x0,
    0x9d, 0xf6, 0x0, 0xbf, 0xff, 0xf6, 0x0, 0x6f,
    0xe7, 0x0, 0x9f, 0xff, 0xf5, 0x0, 0x7e, 0xca,
    0x0, 0x2e, 0xff, 0xb0, 0x0, 0xac, 0x6f, 0x10,
    0x0, 0x43, 0x0, 0x1, 0xf6, 0xc, 0xb0, 0x0,
    0x0, 0x0, 0xb, 0xc0, 0x2, 0xfc, 0x20, 0x0,
    0x2, 0xcf, 0x20, 0x0, 0x2c, 0xfc, 0x88, 0xcf,
    0xc2, 0x0, 0x0, 0x0, 0x5a, 0xdc, 0xa5, 0x0,
    0x0,

    /* U+F196 "" */
    0x4, 0x55, 0x55, 0x55, 0x55, 0x51, 0xa, 0xff,
    0xff, 0xff, 0xff, 0xff, 0xe0, 0xf6, 0x0, 0x0,
    0x0, 0x0, 0x2f, 0x3f, 0x50, 0x0, 0x1, 0x0,
    0x1, 0xf4, 0xf5, 0x0, 0x7, 0xb0, 0x0, 0x1f,
    0x4f, 0x50, 0x0, 0x8c, 0x0, 0x1, 0xf4, 0xf5,
    0xa, 0xde, 0xfd, 0xd1, 0x1f, 0x4f, 0x50, 0x47,
    0xbe, 0x76, 0x1, 0xf4, 0xf5, 0x0, 0x8, 0xc0,
    0x0, 0x1f, 0x4f, 0x50, 0x0, 0x58, 0x0, 0x1,
    0xf4, 0xf5, 0x0, 0x0, 0x0, 0x0, 0x1f, 0x4e,
    0xa5, 0x55, 0x55, 0x55, 0x57, 0xf2, 0x5e, 0xff,
    0xff, 0xff, 0xff, 0xe8, 0x0,

    /* U+F1AD "" */
    0x3, 0x44, 0x44, 0x44, 0x30, 0x9, 0xff, 0xff,
    0xff, 0xff, 0xe1, 0xf7, 0x11, 0x11, 0x11, 0x2f,
    0x5f, 0x51, 0x93, 0x7, 0x70, 0xe6, 0xf5, 0x3f,
    0x70, 0xdd, 0xe, 0x6f, 0x50, 0x10, 0x1, 0x0,
    0xe6, 0xf5, 0x1, 0x0, 0x10, 0xe, 0x6f, 0x53,
    0xf7, 0xd, 0xd0, 0xe6, 0xf5, 0x19, 0x30, 0x77,
    0xe, 0x6f, 0x50, 0x0, 0x0, 0x0, 0xe6, 0xf5,
    0x0, 0x36, 0x10, 0xe, 0x6f, 0x50, 0xe, 0xf8,
    0x0, 0xe6, 0xf5, 0x0, 0xef, 0x90, 0xe, 0x6e,
    0xa5, 0x5f, 0xfb, 0x56, 0xf5, 0x5e, 0xff, 0xff,
    0xff, 0xfa, 0x0,

    /* U+F1C1 "" */
    0x0, 0x34, 0x44, 0x30, 0x0, 0x0, 0x0, 0x0,
    0xb, 0xff, 0xff, 0xfc, 0x0, 0x0, 0x0, 0x0,
    0x1f, 0x51, 0x15, 0xfe, 0xc1, 0x0, 0x0, 0x0,
    0x2f, 0x30, 0x5, 0xf2, 0xdc, 0x10, 0x0, 0x0,
    0x2f, 0x30, 0x4, 0xf1, 0x1c, 0xd0, 0x0, 0x0,
    0x2f, 0x30, 0x0, 0xdf, 0xff, 0xf7, 0x0, 0x0,
    0x2f, 0x30, 0x0, 0x4, 0x55, 0xd8, 0x0, 0x0,
    0x2f, 0x30, 0x0, 0x0, 0x0, 0xb8, 0x0, 0x0,
    0x2f, 0x30, 0x0, 0x0, 0x0, 0xb8, 0x0, 0x0,
    0x2f, 0x30, 0x0, 0x0, 0x0, 0xa7, 0x0, 0x0,
    0x2f, 0x30, 0x0, 0x0, 0x0, 0x0, 0x0, 0x0,
    0x2f, 0x30, 0x0, 0xcd, 0x62, 0xda, 0xc, 0xd4,
    0x2f, 0x30, 0x0, 0xf6, 0xf7, 0xdb, 0x5f, 0x60,
    0xf, 0xb8, 0x60, 0xfb, 0xf5, 0xd9, 0x6f, 0xf4,
    0x6, 0xde, 0xb0, 0xf8, 0x24, 0xdb, 0x5f, 0x20,
    0x0, 0x0, 0x0, 0xb0, 0x2, 0xda, 0xb, 0x0,

    /* U+F1C2 "" */
    0x3, 0x33, 0x33, 0x0, 0x0, 0x9, 0xff, 0xff,
    0xfb, 0x0, 0x0, 0xf7, 0x0, 0x3f, 0xeb, 0x0,
    0xf, 0x40, 0x2, 0xf3, 0xdb, 0x0, 0xf4, 0x0,
    0x2f, 0x31, 0xda, 0xf, 0x40, 0x0, 0xcf, 0xff,
    0xf4, 0xf4, 0x0, 0x0, 0x45, 0x5f, 0x6f, 0x40,
    0x0, 0x0, 0x0, 0xe6, 0xf4, 0x7a, 0x5c, 0x2e,
    0xe, 0x6f, 0x46, 0xfc, 0xfb, 0xe0, 0xe6, 0xf4,
    0x2f, 0xfe, 0xf9, 0xe, 0x6f, 0x40, 0xed, 0x5f,
    0x50, 0xe6, 0xf4, 0x6, 0x50, 0xa1, 0xe, 0x6e,
    0xa5, 0x55, 0x55, 0x56, 0xf5, 0x5e, 0xff, 0xff,
    0xff, 0xfa, 0x0,

    /* U+F1C3 "" */
    0x3, 0x33, 0x33, 0x0, 0x0, 0x9, 0xff, 0xff,
    0xfb, 0x0, 0x0, 0xf7, 0x0, 0x3f, 0xeb, 0x0,
    0xf, 0x40, 0x2, 0xf3, 0xdb, 0x0, 0xf4, 0x0,
    0x2f, 0x31, 0xda, 0xf, 0x40, 0x0, 0xcf, 0xff,
    0xf4, 0xf4, 0x0, 0x0, 0x45, 0x5f, 0x6f, 0x40,
    0x10, 0x1, 0x0, 0xe6, 0xf4, 0x9, 0xc5, 0xf1,
    0xe, 0x6f, 0x40, 0x2f, 0xf9, 0x0, 0xe6, 0xf4,
    0x0, 0xcf, 0x40, 0xe, 0x6f, 0x40, 0x7f, 0xbe,
    0x0, 0xe6, 0xf4, 0x5, 0x40, 0x80, 0xe, 0x6e,
    0xa5, 0x55, 0x55, 0x56, 0xf5, 0x5e, 0xff, 0xff,
    0xff, 0xfa, 0x0,

    /* U+F1C4 "" */
    0x3, 0x33, 0x33, 0x0, 0x0, 0x9, 0xff, 0xff,
    0xfb, 0x0, 0x0, 0xf7, 0x0, 0x2f, 0xeb, 0x0,
    0xf, 0x40, 0x1, 0xf3, 0xdb, 0x0, 0xf4, 0x0,
    0xf, 0x31, 0xda, 0xf, 0x40, 0x0, 0xbf, 0xff,
    0xf4, 0xf4, 0x0, 0x0, 0x45, 0x5f, 0x6f, 0x40,
    0x3, 0x30, 0x0, 0xe6, 0xf4, 0x5, 0xff, 0xe1,
    0xe, 0x6f, 0x40, 0x6e, 0x1f, 0x60, 0xe6, 0xf4,
    0x6, 0xfe, 0xf2, 0xe, 0x6f, 0x40, 0x6f, 0x73,
    0x0, 0xe6, 0xf4, 0x1, 0x60, 0x0, 0xe, 0x6e,
    0xa5, 0x55, 0x55, 0x56, 0xf5, 0x5e, 0xff, 0xff,
    0xff, 0xfa, 0x0,

    /* U+F1C5 "" */
    0x3, 0x44, 0x43, 0x0, 0x0, 0x9, 0xff, 0xff,
    0xfb, 0x0, 0x0, 0xf7, 0x11, 0x3f, 0xeb, 0x0,
    0xf, 0x50, 0x3, 0xf3, 0xdb, 0x0, 0xf5, 0x0,
    0x2f, 0x31, 0xda, 0xf, 0x50, 0x0, 0xcf, 0xff,
    0xf4, 0xf5, 0x0, 0x0, 0x45, 0x5f, 0x6f, 0x5a,
    0xc0, 0x0, 0x0, 0xe6, 0xf5, 0x78, 0x0, 0x0,
    0xe, 0x6f, 0x50, 0x9, 0xf2, 0x0, 0xe6, 0xf5,
    0x6, 0xff, 0xd1, 0xe, 0x6f, 0x52, 0xff, 0xff,
    0xa0, 0xe6, 0xf5, 0x2b, 0xcc, 0xc8, 0xe, 0x6e,
    0xa5, 0x55, 0x55, 0x56, 0xf5, 0x5e, 0xff, 0xff,
    0xff, 0xfa, 0x0,

    /* U+F1C6 "" */
    0x3, 0x33, 0x33, 0x0, 0x0, 0x9, 0xff, 0xff,
    0xfb, 0x0, 0x0, 0xf7, 0x11, 0x2f, 0xeb, 0x0,
    0xf, 0x4a, 0xd1, 0xf4, 0xeb, 0x0, 0xf4, 0x12,
    0x1f, 0x32, 0xea, 0xf, 0x48, 0xd4, 0xcf, 0xdf,
    0xf4, 0xf4, 0x36, 0x10, 0x66, 0x6f, 0x6f, 0x45,
    0xa6, 0x0, 0x0, 0xe6, 0xf4, 0xcf, 0xd0, 0x0,
    0xe, 0x6f, 0x4b, 0x9d, 0x0, 0x0, 0xe6, 0xf4,
    0x3b, 0x40, 0x0, 0xe, 0x6f, 0x40, 0x0, 0x0,
    0x0, 0xe6, 0xf4, 0x0, 0x0, 0x0, 0xe, 0x6e,
    0xa5, 0x55, 0x55, 0x56, 0xf5, 0x5e, 0xff, 0xff,
    0xff, 0xfa, 0x0,

    /* U+F1C7 "" */
    0x3, 0x33, 0x33, 0x0, 0x0, 0x9, 0xff, 0xff,
    0xfc, 0x10, 0x0, 0xf7, 0x0, 0x3f, 0xec, 0x0,
    0xf, 0x40, 0x2, 0xf3, 0xdc, 0x0, 0xf4, 0x0,
    0x2f, 0x31, 0xdc, 0xf, 0x40, 0x0, 0xcf, 0xff,
    0xf6, 0xf4, 0x0, 0x0, 0x45, 0x5e, 0x7f, 0x40,
    0x0, 0x2, 0x0, 0xc7, 0xf4, 0x4, 0xa0, 0xc9,
    0xc, 0x7f, 0x49, 0xfc, 0x23, 0xf1, 0xc7, 0xf4,
    0xcf, 0xc4, 0x5e, 0x3c, 0x7f, 0x42, 0x9c, 0x8,
    0xd0, 0xc7, 0xf4, 0x0, 0x20, 0x71, 0xc, 0x7e,
    0xa5, 0x55, 0x55, 0x56, 0xf6, 0x5e, 0xff, 0xff,
    0xff, 0xfb, 0x0,

    /* U+F1C8 "" */
    0x3, 0x33, 0x33, 0x0, 0x0, 0x9, 0xff, 0xff,
    0xfb, 0x0, 0x0, 0xf7, 0x0, 0x3f, 0xeb, 0x0,
    0xf, 0x40, 0x2, 0xf3, 0xdb, 0x0, 0xf4, 0x0,
    0x2f, 0x31, 0xda, 0xf, 0x40, 0x0, 0xcf, 0xff,
    0xf4, 0xf4, 0x0, 0x0, 0x45, 0x5f, 0x6f, 0x40,
    0x33, 0x30, 0x0, 0xe6, 0xf4, 0xbf, 0xff, 0x79,
    0x2e, 0x6f, 0x4c, 0xff, 0xff, 0xf4, 0xe6, 0xf4,
    0xcf, 0xff, 0xef, 0x4e, 0x6f, 0x4a, 0xff, 0xf6,
    0x71, 0xe6, 0xf4, 0x1, 0x11, 0x0, 0xe, 0x6e,
    0xa5, 0x55, 0x55, 0x56, 0xf5, 0x5e, 0xff, 0xff,
    0xff, 0xfa, 0x0,

    /* U+F1C9 "" */
    0x3, 0x33, 0x33, 0x0, 0x0, 0x9, 0xff, 0xff,
    0xfb, 0x0, 0x0, 0xf7, 0x0, 0x3f, 0xeb, 0x0,
    0xf, 0x40, 0x2, 0xf3, 0xdb, 0x0, 0xf4, 0x0,
    0x2f, 0x31, 0xda, 0xf, 0x40, 0x0, 0xcf, 0xff,
    0xf4, 0xf4, 0x0, 0x0, 0x45, 0x5f, 0x6f, 0x40,
    0x2, 0x2, 0x0, 0xe6, 0xf4, 0xc, 0xb4, 0xf4,
    0xe, 0x6f, 0x49, 0xe2, 0x9, 0xf1, 0xe6, 0xf4,
    0x7f, 0x40, 0xcd, 0xe, 0x6f, 0x40, 0x9b, 0x4e,
    0x20, 0xe6, 0xf4, 0x0, 0x0, 0x0, 0xe, 0x6e,
    0xa5, 0x55, 0x55, 0x56, 0xf5, 0x5e, 0xff, 0xff,
    0xff, 0xfa, 0x0,

    /* U+F1CD "" */
    0x0, 0x0, 0x0, 0x22, 0x0, 0x0, 0x0, 0x0,
    0x3, 0xbf, 0xff, 0xfb, 0x30, 0x0, 0xc, 0xdf,
    0xb5, 0x22, 0x5c, 0xfd, 0xc0, 0x9, 0xfd, 0x0,
    0x0, 0x0, 0xdf, 0x90, 0x1f, 0x9e, 0xb0, 0x0,
    0xb, 0xe9, 0xf1, 0x9d, 0x3, 0xec, 0xbb, 0xce,
    0x30, 0xd9, 0xc8, 0x0, 0x5f, 0xaa, 0xf5, 0x0,
    0x8c, 0xf5, 0x0, 0x7e, 0x0, 0xe7, 0x0, 0x5f,
    0xd7, 0x0, 0x5f, 0x22, 0xf5, 0x0, 0x7d, 0xba,
    0x0, 0x9f, 0xff, 0xf9, 0x0, 0xab, 0x6f, 0x29,
    0xf4, 0x33, 0x4f, 0x92, 0xf6, 0xc, 0xef, 0x40,
    0x0, 0x5, 0xfe, 0xd0, 0x9, 0xfd, 0x20, 0x0,
    0x3, 0xdf, 0x90, 0x8, 0x6c, 0xfb, 0x88, 0xbf,
    0xc6, 0x80, 0x0, 0x0, 0x59, 0xcc, 0x95, 0x0,
    0x0,

    /* U+F1D8 "" */
    0x0, 0x0, 0x0, 0x0, 0x0, 0x0, 0x0, 0x0,
    0x0, 0x0, 0x0, 0x0, 0x0, 0x0, 0x38, 0xe6,
    0x0, 0x0, 0x0, 0x0, 0x1, 0x7d, 0xff, 0xf6,
    0x0, 0x0, 0x0, 0x16, 0xcf, 0xe9, 0xef, 0xf1,
    0x0, 0x0, 0x5a, 0xff, 0xa4, 0xc, 0xed, 0xb0,
    0x3, 0x9e, 0xfb, 0x50, 0x0, 0xbe, 0x3f, 0x50,
    0x6f, 0xd6, 0x10, 0x0, 0xb, 0xe2, 0x6f, 0x0,
    0x3d, 0xfb, 0x50, 0x0, 0xbe, 0x20, 0xca, 0x0,
    0x0, 0x4a, 0xfe, 0x8b, 0xe2, 0x2, 0xf4, 0x0,
    0x0, 0x0, 0x17, 0xef, 0x20, 0x8, 0xe0, 0x0,
    0x0, 0x0, 0x0, 0x1f, 0x40, 0xd, 0x80, 0x0,
    0x0, 0x0, 0x0, 0xb, 0xb0, 0x3f, 0x30, 0x0,
    0x0, 0x0, 0x0, 0x4, 0xf1, 0x9d, 0x0, 0x0,
    0x0, 0x0, 0x0, 0x0, 0xe8, 0xe7, 0x0, 0x0,
    0x0, 0x0, 0x0, 0x0, 0x7f, 0xf2, 0x0, 0x0,
    0x0, 0x0, 0x0, 0x0, 0x1f, 0xb0, 0x0, 0x0,
    0x0, 0x0, 0x0, 0x0, 0x1, 0x0, 0x0, 0x0,

    /* U+F1D9 "" */
    0x0, 0x0, 0x0, 0x0, 0x0, 0x0, 0x0, 0x0,
    0x0, 0x0, 0x0, 0x0, 0x0, 0x0, 0x38, 0xe6,
    0x0, 0x0, 0x0, 0x0, 0x1, 0x7d, 0xff, 0xf6,
    0x0, 0x0, 0x0, 0x16, 0xcf, 0xe9, 0xef, 0xf1,
    0x0, 0x0, 0x5a, 0xff, 0xa4, 0xc, 0xed, 0xb0,
    0x3, 0x9e, 0xfb, 0x50, 0x0, 0xbe, 0x3f, 0x50,
    0x6f, 0xd6, 0x10, 0x0, 0xb, 0xe2, 0x6f, 0x0,
    0x3d, 0xfb, 0x50, 0x0, 0xbe, 0x20, 0xca, 0x0,
    0x0, 0x4a, 0xfe, 0x8b, 0xe2, 0x2, 0xf4, 0x0,
    0x0, 0x0, 0x17, 0xef, 0x20, 0x8, 0xe0, 0x0,
    0x0, 0x0, 0x0, 0x1f, 0x40, 0xd, 0x80, 0x0,
    0x0, 0x0, 0x0, 0xb, 0xb0, 0x3f, 0x30, 0x0,
    0x0, 0x0, 0x0, 0x4, 0xf1, 0x9d, 0x0, 0x0,
    0x0, 0x0, 0x0, 0x0, 0xe8, 0xe7, 0x0, 0x0,
    0x0, 0x0, 0x0, 0x0, 0x7f, 0xf2, 0x0, 0x0,
    0x0, 0x0, 0x0, 0x0, 0x1f, 0xb0, 0x0, 0x0,
    0x0, 0x0, 0x0, 0x0, 0x1, 0x0, 0x0, 0x0,

    /* U+F1DB "" */
    0x0, 0x0, 0x1, 0x33, 0x10, 0x0, 0x0, 0x0,
    0x2, 0xbf, 0xff, 0xfb, 0x20, 0x0, 0x0, 0x7f,
    0xb5, 0x22, 0x5b, 0xf7, 0x0, 0x6, 0xf6, 0x0,
    0x0, 0x0, 0x6f, 0x60, 0x1f, 0x70, 0x0, 0x0,
    0x0, 0x7, 0xf1, 0x9d, 0x0, 0x0, 0x0, 0x0,
    0x0, 0xd9, 0xd9, 0x0, 0x0, 0x0, 0x0, 0x0,
    0x9d, 0xf6, 0x0, 0x0, 0x0, 0x0, 0x0, 0x6f,
    0xe7, 0x0, 0x0, 0x0, 0x0, 0x0, 0x7e, 0xca,
    0x0, 0x0, 0x0, 0x0, 0x0, 0xac, 0x6f, 0x10,
    0x0, 0x0, 0x0, 0x1, 0xf6, 0xc, 0xb0, 0x0,
    0x0, 0x0, 0xb, 0xc0, 0x2, 0xfc, 0x20, 0x0,
    0x2, 0xcf, 0x20, 0x0, 0x2c, 0xfc, 0x88, 0xcf,
    0xc2, 0x0, 0x0, 0x0, 0x5a, 0xdc, 0xa5, 0x0,
    0x0,

    /* U+F1E3 "" */
    0x0, 0x0, 0x2, 0x44, 0x20, 0x0, 0x0, 0x0,
    0x4, 0xdf, 0xff, 0xfd, 0x40, 0x0, 0x0, 0x9f,
    0xae, 0xff, 0xea, 0xf9, 0x0, 0x7, 0xf4, 0x2,
    0xdd, 0x20, 0x5f, 0x70, 0x2f, 0xf0, 0x0, 0x0,
    0x0, 0xf, 0xf2, 0x9f, 0xf5, 0x0, 0x0, 0x0,
    0x5f, 0xf9, 0xdf, 0xfa, 0x2, 0xcd, 0x20, 0x9f,
    0xfd, 0xff, 0xb1, 0xd, 0xff, 0xe0, 0x1b, 0xff,
    0xe9, 0x0, 0xb, 0xff, 0xa0, 0x0, 0x9e, 0xc9,
    0x0, 0x3, 0xbb, 0x30, 0x0, 0x9c, 0x6f, 0x45,
    0x60, 0x0, 0x6, 0x54, 0xe6, 0xc, 0xff, 0xf4,
    0x0, 0x4f, 0xff, 0xc0, 0x2, 0xff, 0xf8, 0x0,
    0x8f, 0xff, 0x20, 0x0, 0x2c, 0xfe, 0x88, 0xef,
    0xc2, 0x0, 0x0, 0x0, 0x5a, 0xcc, 0xa5, 0x0,
    0x0,

    /* U+F1EA "" */
    0x0, 0x1, 0x55, 0x55, 0x55, 0x55, 0x40, 0x0,
    0x1e, 0xff, 0xff, 0xff, 0xff, 0xf9, 0x92, 0x5f,
    0x10, 0x0, 0x0, 0x0, 0x6f, 0xf5, 0x6f, 0x6,
    0xa7, 0x0, 0x0, 0x5f, 0xf5, 0x6f, 0xc, 0xfd,
    0x5, 0x50, 0x5f, 0xf5, 0x6f, 0x9, 0xfb, 0x2e,
    0xe3, 0x5f, 0xf5, 0x6f, 0x1, 0x33, 0x33, 0x20,
    0x5f, 0xf5, 0x6f, 0xa, 0xff, 0xff, 0xf3, 0x5f,
    0xf5, 0x6f, 0x0, 0x22, 0x22, 0x10, 0x5f, 0xf5,
    0x6f, 0xa, 0xff, 0xff, 0xf3, 0x5f, 0xf5, 0x6e,
    0x1, 0x44, 0x44, 0x30, 0x5f, 0xea, 0xbe, 0x55,
    0x55, 0x55, 0x55, 0xae, 0x4d, 0xff, 0xff, 0xff,
    0xff, 0xff, 0xd4,

    /* U+F1F6 "" */
    0x0, 0x0, 0x0, 0x0, 0x0, 0x0, 0x0, 0x0,
    0x0, 0xe8, 0x0, 0x0, 0x1, 0x0, 0x0, 0x0,
    0x0, 0x5, 0xf8, 0x0, 0x1, 0xc9, 0x0, 0x0,
    0x0, 0x0, 0x5, 0xf8, 0xa, 0xff, 0xff, 0x70,
    0x0, 0x0, 0x0, 0x5, 0xfe, 0xe4, 0x1, 0x6f,
    0x80, 0x0, 0x0, 0x0, 0x6, 0xf9, 0x0, 0x0,
    0x6f, 0x10, 0x0, 0x0, 0x0, 0x6, 0xf8, 0x0,
    0x0, 0xf5, 0x0, 0x0, 0x0, 0x8, 0x6, 0xf8,
    0x0, 0xd, 0x70, 0x0, 0x0, 0x0, 0xd7, 0x6,
    0xf8, 0x0, 0xb9, 0x0, 0x0, 0x0, 0x1f, 0x40,
    0x6, 0xf8, 0x8, 0xd0, 0x0, 0x0, 0x8, 0xe0,
    0x0, 0x7, 0xf8, 0x2f, 0x40, 0x0, 0x1, 0xf9,
    0x22, 0x22, 0x7, 0xf9, 0xcc, 0x0, 0x0, 0x1f,
    0xff, 0xff, 0xfc, 0x7, 0xff, 0xc0, 0x0, 0x0,
    0x1, 0x11, 0x11, 0x10, 0x7, 0xf8, 0x0, 0x0,
    0x0, 0x0, 0x4, 0x55, 0x30, 0x7, 0xf7, 0x0,
    0x0, 0x0, 0x0, 0x4d, 0xc2, 0x0, 0x8, 0xf6,
    0x0, 0x0, 0x0, 0x0, 0x0, 0x0, 0x0, 0x7,
    0x70,

    /* U+F1F7 "" */
    0x0, 0x0, 0x0, 0x0, 0x0, 0x0, 0x0, 0x0,
    0x0, 0xe8, 0x0, 0x0, 0x1, 0x0, 0x0, 0x0,
    0x0, 0x5, 0xf8, 0x0, 0x1, 0xc9, 0x0, 0x0,
    0x0, 0x0, 0x5, 0xf8, 0xa, 0xff, 0xff, 0x70,
    0x0, 0x0, 0x0, 0x5, 0xfe, 0xe4, 0x1, 0x6f,
    0x80, 0x0, 0x0, 0x0, 0x6, 0xf9, 0x0, 0x0,
    0x6f, 0x10, 0x0, 0x0, 0x0, 0x6, 0xf8, 0x0,
    0x0, 0xf5, 0x0, 0x0, 0x0, 0x8, 0x6, 0xf8,
    0x0, 0xd, 0x70, 0x0, 0x0, 0x0, 0xd7, 0x6,
    0xf8, 0x0, 0xb9, 0x0, 0x0, 0x0, 0x1f, 0x40,
    0x6, 0xf8, 0x8, 0xd0, 0x0, 0x0, 0x8, 0xe0,
    0x0, 0x7, 0xf8, 0x2f, 0x40, 0x0, 0x1, 0xf9,
    0x22, 0x22, 0x7, 0xf9, 0xcc, 0x0, 0x0, 0x1f,
    0xff, 0xff, 0xfc, 0x7, 0xff, 0xc0, 0x0, 0x0,
    0x1, 0x11, 0x11, 0x10, 0x7, 0xf8, 0x0, 0x0,
    0x0, 0x0, 0x4, 0x55, 0x30, 0x7, 0xf7, 0x0,
    0x0, 0x0, 0x0, 0x4d, 0xc2, 0x0, 0x8, 0xf6,
    0x0, 0x0, 0x0, 0x0, 0x0, 0x0, 0x0, 0x7,
    0x70,

    /* U+F1F9 "" */
    0x0, 0x0, 0x0, 0x0, 0x0, 0x0, 0x0, 0x0,
    0x1, 0x9e, 0xff, 0xe9, 0x10, 0x0, 0x0, 0x4e,
    0xe9, 0x66, 0x9e, 0xe4, 0x0, 0x4, 0xf9, 0x0,
    0x0, 0x0, 0x9f, 0x40, 0xe, 0xa0, 0x3, 0x99,
    0x30, 0xa, 0xd0, 0x7e, 0x10, 0x6f, 0xdd, 0xf5,
    0x1, 0xe7, 0xc9, 0x0, 0xf8, 0x0, 0x52, 0x0,
    0xac, 0xf6, 0x3, 0xf1, 0x0, 0x0, 0x0, 0x6e,
    0xf6, 0x2, 0xf3, 0x0, 0x0, 0x0, 0x6f, 0xd9,
    0x0, 0xcd, 0x55, 0xc5, 0x0, 0x9d, 0x9d, 0x0,
    0x1b, 0xff, 0xb1, 0x0, 0xd8, 0x1f, 0x80, 0x0,
    0x11, 0x0, 0x8, 0xe1, 0x6, 0xf6, 0x0, 0x0,
    0x0, 0x6f, 0x60, 0x0, 0x7f, 0xb6, 0x33, 0x6c,
    0xf7, 0x0, 0x0, 0x3, 0xcf, 0xff, 0xfc, 0x30,
    0x0, 0x0, 0x0, 0x1, 0x33, 0x10, 0x0, 0x0,

    /* U+F20A "" */
    0x4, 0x55, 0x55, 0x55, 0x55, 0x55, 0x40, 0xbf,
    0xff, 0xff, 0xff, 0xff, 0xff, 0xfb, 0xf6, 0x0,
    0x0, 0x0, 0x0, 0x0, 0x6f, 0xf4, 0x9, 0xda,
    0x11, 0xad, 0x90, 0x4f, 0xf4, 0x4f, 0x7d, 0x67,
    0xe7, 0xf4, 0x4f, 0xf4, 0x5e, 0x2, 0x19, 0xb0,
    0x20, 0x4f, 0xf4, 0x5f, 0x8, 0x59, 0xc0, 0xa3,
    0x4f, 0xf4, 0x1f, 0xff, 0x44, 0xff, 0xf1, 0x4f,
    0xf4, 0x1, 0x52, 0x0, 0x25, 0x10, 0x4f, 0xf9,
    0x44, 0x44, 0x44, 0x44, 0x44, 0x9f, 0x6f, 0xff,
    0xff, 0xff, 0xff, 0xff, 0xf6,

    /* U+F247 "" */
    0x2, 0x0, 0x0, 0x0, 0x0, 0x0, 0x1, 0x10,
    0x9f, 0xe2, 0x22, 0x22, 0x22, 0x22, 0x6f, 0xf5,
    0xe3, 0xcf, 0xff, 0xff, 0xff, 0xff, 0xf5, 0x7b,
    0x8f, 0xd2, 0x22, 0x22, 0x22, 0x22, 0x6f, 0xf5,
    0xe, 0x40, 0x48, 0x88, 0x30, 0x0, 0xc, 0xa0,
    0xe, 0x40, 0xea, 0x8b, 0xb0, 0x0, 0xc, 0xa0,
    0xe, 0x40, 0xe2, 0x5, 0xb0, 0x0, 0xc, 0xa0,
    0xe, 0x40, 0xde, 0xef, 0xa0, 0xa3, 0xc, 0xa0,
    0xe, 0x40, 0x2, 0x22, 0x1, 0xb8, 0xc, 0xa0,
    0xe, 0x40, 0x0, 0x7, 0x10, 0x88, 0xc, 0xa0,
    0xe, 0x40, 0x0, 0xd, 0xff, 0xf5, 0xc, 0xa0,
    0x2f, 0x70, 0x0, 0x0, 0x0, 0x0, 0x1e, 0xd1,
    0xd8, 0xeb, 0xaa, 0xaa, 0xaa, 0xaa, 0xda, 0xb9,
    0xe7, 0xec, 0xcc, 0xcc, 0xcc, 0xcc, 0xe9, 0xaa,
    0x4c, 0x80, 0x0, 0x0, 0x0, 0x0, 0x2b, 0xb2,

    /* U+F248 "" */
    0x2, 0x0, 0x0, 0x0, 0x0, 0x20, 0x0, 0x0,
    0x0, 0x9f, 0xe3, 0x22, 0x22, 0x2c, 0xfd, 0x0,
    0x0, 0x0, 0xe9, 0xff, 0xff, 0xff, 0xff, 0x9f,
    0x20, 0x0, 0x0, 0x8f, 0xd3, 0x22, 0x22, 0x2b,
    0xfc, 0x0, 0x0, 0x0, 0xe, 0x60, 0x0, 0x0,
    0x2, 0xf2, 0x0, 0x0, 0x0, 0xe, 0x60, 0x0,
    0x0, 0x2, 0xf2, 0x0, 0x6e, 0xb0, 0xe, 0x60,
    0x0, 0x0, 0x2, 0xf2, 0x2f, 0xfa, 0xf6, 0x9f,
    0xf4, 0x22, 0x22, 0x2d, 0xfd, 0x4, 0xcf, 0xf4,
    0xe9, 0xff, 0xff, 0xff, 0xff, 0x9f, 0x20, 0x1f,
    0x80, 0xaf, 0xf5, 0x44, 0x44, 0x4e, 0xfe, 0x0,
    0xe, 0x60, 0x4, 0x20, 0x0, 0x21, 0x1, 0x41,
    0x0, 0xe, 0x60, 0x0, 0x0, 0x1, 0xdc, 0x10,
    0x0, 0x0, 0x3f, 0x90, 0x0, 0x0, 0x9, 0xee,
    0xc9, 0x99, 0x99, 0xed, 0xf5, 0x0, 0x0, 0xa,
    0xdd, 0xec, 0xcc, 0xcc, 0xfb, 0xf6, 0x0, 0x0,
    0x2, 0xbb, 0x10, 0x0, 0x0, 0x4c, 0x90,

    /* U+F249 "" */
    0x4, 0x55, 0x55, 0x55, 0x55, 0x51, 0xa, 0xff,
    0xff, 0xff, 0xff, 0xff, 0xe0, 0xf6, 0x0, 0x0,
    0x0, 0x0, 0x2f, 0x3f, 0x40, 0x0, 0x0, 0x0,
    0x0, 0xf3, 0xf4, 0x0, 0x0, 0x0, 0x0, 0xf,
    0x3f, 0x40, 0x0, 0x0, 0x0, 0x0, 0xf3, 0xf4,
    0x0, 0x0, 0x0, 0x0, 0xf, 0x3f, 0x40, 0x0,
    0x0, 0x8e, 0xff, 0xf3, 0xf4, 0x0, 0x0, 0x4f,
    0x76, 0xef, 0x1f, 0x40, 0x0, 0x6, 0xe0, 0xaf,
    0x50, 0xf4, 0x0, 0x0, 0x6e, 0x9f, 0x50, 0xe,
    0xa5, 0x55, 0x59, 0xff, 0x50, 0x0, 0x5e, 0xff,
    0xff, 0xfe, 0x50, 0x0, 0x0,

    /* U+F24A "" */
    0x4, 0x55, 0x55, 0x55, 0x55, 0x51, 0xa, 0xff,
    0xff, 0xff, 0xff, 0xff, 0xe0, 0xf6, 0x0, 0x0,
    0x0, 0x0, 0x2f, 0x3f, 0x40, 0x0, 0x0, 0x0,
    0x0, 0xf3, 0xf4, 0x0, 0x0, 0x0, 0x0, 0xf,
    0x3f, 0x40, 0x0, 0x0, 0x0, 0x0, 0xf3, 0xf4,
    0x0, 0x0, 0x0, 0x0, 0xf, 0x3f, 0x40, 0x0,
    0x0, 0x8e, 0xff, 0xf3, 0xf4, 0x0, 0x0, 0x4f,
    0x76, 0xef, 0x1f, 0x40, 0x0, 0x6, 0xe0, 0xaf,
    0x50, 0xf4, 0x0, 0x0, 0x6e, 0x9f, 0x50, 0xe,
    0xa5, 0x55, 0x59, 0xff, 0x50, 0x0, 0x5e, 0xff,
    0xff, 0xfe, 0x50, 0x0, 0x0,

    /* U+F24D "" */
    0x0, 0x0, 0x0, 0x33, 0x33, 0x33, 0x30, 0x0,
    0x0, 0x1e, 0xff, 0xff, 0xff, 0xf9, 0x0, 0x0,
    0x6f, 0x10, 0x0, 0x0, 0x7f, 0x0, 0x0, 0x6e,
    0x0, 0x0, 0x0, 0x4f, 0x0, 0x0, 0x6e, 0x0,
    0x0, 0x0, 0x4f, 0x5e, 0xf0, 0x6e, 0x0, 0x0,
    0x0, 0x4f, 0xea, 0x50, 0x6e, 0x0, 0x0, 0x0,
    0x4f, 0xf4, 0x0, 0x6e, 0x0, 0x0, 0x0, 0x4f,
    0xf4, 0x0, 0x6f, 0x0, 0x0, 0x0, 0x6f, 0xf4,
    0x0, 0x2f, 0xff, 0xff, 0xff, 0xfb, 0xf4, 0x0,
    0x2, 0x55, 0x55, 0x55, 0x40, 0xf4, 0x0, 0x0,
    0x0, 0x10, 0x0, 0x0, 0xf4, 0x0, 0x0, 0x0,
    0xe6, 0x0, 0x0, 0xea, 0x55, 0x55, 0x56, 0xf5,
    0x0, 0x0, 0x5e, 0xff, 0xff, 0xff, 0xa0, 0x0,
    0x0,

    /* U+F250 "" */
    0x23, 0x33, 0x33, 0x33, 0x33, 0xe, 0xff, 0xff,
    0xff, 0xff, 0xf5, 0x2f, 0x40, 0x0, 0x0, 0xba,
    0x0, 0xf6, 0x0, 0x0, 0xe, 0x70, 0x9, 0xe1,
    0x0, 0x7, 0xf2, 0x0, 0xd, 0xd1, 0x6, 0xf7,
    0x0, 0x0, 0x1e, 0xd7, 0xf8, 0x0, 0x0, 0x0,
    0x2e, 0xf8, 0x0, 0x0, 0x0, 0x5, 0xff, 0xc0,
    0x0, 0x0, 0x4, 0xf9, 0x3e, 0xc0, 0x0, 0x2,
    0xfa, 0x0, 0x2e, 0xa0, 0x0, 0xcc, 0x0, 0x0,
    0x3f, 0x40, 0xf, 0x40, 0x0, 0x0, 0xc8, 0x5,
    0xf7, 0x55, 0x55, 0x5c, 0xc1, 0xcf, 0xff, 0xff,
    0xff, 0xff, 0x50,

    /* U+F252 "" */
    0x24, 0x44, 0x44, 0x44, 0x43, 0xe, 0xff, 0xff,
    0xff, 0xff, 0xf5, 0x1f, 0x41, 0x11, 0x11, 0xb9,
    0x0, 0xe7, 0x33, 0x33, 0x3e, 0x60, 0x8, 0xff,
    0xff, 0xff, 0xf1, 0x0, 0xc, 0xe3, 0x29, 0xf5,
    0x0, 0x0, 0xc, 0xd8, 0xf6, 0x0, 0x0, 0x0,
    0xe, 0xf7, 0x0, 0x0, 0x0, 0x7, 0xfd, 0xe1,
    0x0, 0x0, 0x6, 0xf5, 0xb, 0xd1, 0x0, 0x3,
    0xf4, 0x0, 0xb, 0xb0, 0x0, 0xcf, 0xff, 0xff,
    0xff, 0x40, 0xf, 0x75, 0x55, 0x55, 0xc8, 0x5,
    0xf7, 0x55, 0x55, 0x5c, 0xc1, 0xcf, 0xff, 0xff,
    0xff, 0xff, 0x50,

    /* U+F254 "" */
    0x23, 0x33, 0x33, 0x33, 0x33, 0xe, 0xff, 0xff,
    0xff, 0xff, 0xf5, 0x2f, 0x40, 0x0, 0x0, 0xba,
    0x0, 0xf6, 0x0, 0x0, 0xe, 0x70, 0x9, 0xe1,
    0x0, 0x7, 0xf2, 0x0, 0xd, 0xd1, 0x6, 0xf7,
    0x0, 0x0, 0x1e, 0xd7, 0xf8, 0x0, 0x0, 0x0,
    0x2e, 0xf8, 0x0, 0x0, 0x0, 0x5, 0xff, 0xc0,
    0x0, 0x0, 0x4, 0xf9, 0x3e, 0xc0, 0x0, 0x2,
    0xfa, 0x0, 0x2e, 0xa0, 0x0, 0xcc, 0x0, 0x0,
    0x3f, 0x40, 0xf, 0x40, 0x0, 0x0, 0xc8, 0x5,
    0xf7, 0x55, 0x55, 0x5c, 0xc1, 0xcf, 0xff, 0xff,
    0xff, 0xff, 0x50,

    /* U+F255 "" */
    0x0, 0x12, 0x12, 0x0, 0x0, 0x0, 0x3f, 0xff,
    0xfd, 0xa1, 0x0, 0xa, 0xb3, 0x54, 0x9d, 0xf8,
    0x0, 0xa9, 0x0, 0x0, 0x17, 0xf4, 0x1d, 0x90,
    0x0, 0x0, 0xe, 0x6b, 0xc2, 0x0, 0x0, 0x0,
    0xe6, 0xf5, 0x0, 0x0, 0x0, 0xf, 0x5f, 0x60,
    0x0, 0x0, 0x2, 0xf2, 0x9e, 0x20, 0x0, 0x0,
    0x9d, 0x0, 0xcd, 0x10, 0x0, 0x2f, 0x50, 0x1,
    0x53, 0x0, 0x2, 0x50, 0x0, 0x0, 0x11, 0x11,
    0x11, 0x0, 0x2, 0xff, 0xff, 0xff, 0xf6, 0x0,
    0x3f, 0xff, 0xff, 0xff, 0x80, 0x1, 0xef, 0xff,
    0xff, 0xe4, 0x0,

    /* U+F256 "" */
    0x0, 0x0, 0x0, 0x1, 0x20, 0x0, 0x0, 0x0,
    0x0, 0x0, 0x46, 0xff, 0x84, 0x0, 0x0, 0x0,
    0x0, 0x9f, 0xfc, 0x8f, 0xf9, 0x0, 0x0, 0x0,
    0xe, 0x8c, 0xa6, 0xf6, 0xf6, 0x10, 0x0, 0x0,
    0xe6, 0xaa, 0x6e, 0x3f, 0xfe, 0x0, 0x0, 0xe,
    0x6a, 0xa6, 0xe3, 0xf3, 0xf2, 0x0, 0x0, 0xe6,
    0xaa, 0x6e, 0x3f, 0x2f, 0x20, 0x29, 0x7e, 0x66,
    0x62, 0x81, 0x92, 0xf2, 0xd, 0xdf, 0xf6, 0x0,
    0x0, 0x0, 0x2f, 0x20, 0xe9, 0x3f, 0x40, 0x0,
    0x0, 0x2, 0xf2, 0x4, 0xf8, 0x0, 0x0, 0x0,
    0x0, 0x4f, 0x0, 0x5, 0xf8, 0x0, 0x0, 0x0,
    0x9, 0xc0, 0x0, 0x5, 0xfb, 0x10, 0x0, 0x6,
    0xf4, 0x0, 0x0, 0x2, 0xcf, 0xb8, 0x8c, 0xf7,
    0x0, 0x0, 0x0, 0x0, 0x5a, 0xcd, 0x93, 0x0,
    0x0,

    /* U+F257 "" */
    0x0, 0x0, 0x0, 0x0, 0x2, 0x65, 0x10, 0x0,
    0x2d, 0xea, 0x73, 0x6, 0xfe, 0xff, 0x50, 0xb,
    0xc7, 0xae, 0xff, 0xf9, 0x0, 0x8f, 0x40, 0x9f,
    0xa6, 0x32, 0x58, 0xcc, 0x0, 0xac, 0x1, 0xcf,
    0xff, 0xfc, 0x20, 0x0, 0x6, 0xf0, 0xce, 0xcc,
    0xbb, 0xa2, 0x0, 0x0, 0x5f, 0xe, 0xa5, 0x66,
    0x63, 0x0, 0x0, 0x5, 0xf0, 0x6e, 0xfe, 0xef,
    0xa0, 0x0, 0x0, 0x5f, 0x0, 0x0, 0x0, 0x9f,
    0x40, 0x0, 0x6, 0xe0, 0x0, 0x0, 0x0, 0xe8,
    0x0, 0x2, 0xd9, 0x0, 0x0, 0x0, 0x9, 0xff,
    0xff, 0xfc, 0x10, 0x0, 0x0, 0x0, 0x4, 0x55,
    0x53, 0x0,

    /* U+F258 "" */
    0x4, 0x55, 0x55, 0x55, 0x20, 0x0, 0x0, 0xaf,
    0xff, 0xff, 0xff, 0xfe, 0x30, 0x0, 0xf7, 0x0,
    0x0, 0x0, 0x2a, 0xf3, 0x0, 0x9f, 0xee, 0xee,
    0xd7, 0x0, 0xae, 0x10, 0x3, 0x55, 0x55, 0x7f,
    0x30, 0xd, 0xc0, 0x0, 0x6d, 0xee, 0xff, 0x10,
    0x2, 0xf7, 0x1, 0xf9, 0x66, 0x51, 0x0, 0x0,
    0x8d, 0x2, 0xf4, 0x11, 0x10, 0x0, 0x0, 0x5f,
    0x0, 0xbf, 0xff, 0xff, 0xc2, 0x0, 0x5f, 0x0,
    0x3, 0x44, 0x44, 0xcf, 0x20, 0x5f, 0x0, 0x0,
    0x0, 0x0, 0xd, 0x20, 0x3d,

    /* U+F259 "" */
    0x0, 0x0, 0x0, 0x10, 0x0, 0x0, 0x0, 0x0,
    0x0, 0x0, 0xb, 0xfa, 0x0, 0x22, 0x0, 0x0,
    0x0, 0x0, 0x3f, 0x6f, 0x43, 0xff, 0x60, 0x0,
    0x0, 0x7, 0xef, 0x4d, 0x8b, 0xba, 0xd6, 0x0,
    0x0, 0x2f, 0x9f, 0x98, 0xde, 0x6a, 0xff, 0xc0,
    0x0, 0x1f, 0x4b, 0xe4, 0xff, 0x3e, 0xb6, 0xf0,
    0x0, 0xb, 0xb5, 0xf3, 0xff, 0x2f, 0x7a, 0xb0,
    0x0, 0x5, 0xf2, 0xe7, 0xad, 0x3f, 0x3e, 0x70,
    0x1, 0x97, 0xe7, 0x43, 0x14, 0x6, 0x2f, 0x30,
    0xd, 0xde, 0xfd, 0x0, 0x0, 0x0, 0x5f, 0x0,
    0xd, 0xa2, 0xdf, 0x10, 0x0, 0x0, 0x9b, 0x0,
    0x3, 0xec, 0x22, 0x0, 0x0, 0x0, 0xe7, 0x0,
    0x0, 0x2c, 0xe6, 0x0, 0x0, 0x7, 0xf1, 0x0,
    0x0, 0x0, 0x8f, 0xd9, 0x77, 0xbf, 0x60, 0x0,
    0x0, 0x0, 0x1, 0x8b, 0xdd, 0xa3, 0x0, 0x0,

    /* U+F25A "" */
    0x0, 0x0, 0x2, 0x10, 0x0, 0x0, 0x0, 0x0,
    0x0, 0x8f, 0xf3, 0x0, 0x0, 0x0, 0x0, 0x0,
    0xe8, 0xd8, 0x0, 0x0, 0x0, 0x0, 0x0, 0xe5,
    0xb8, 0x0, 0x0, 0x0, 0x0, 0x0, 0xe5, 0xb8,
    0x0, 0x0, 0x0, 0x0, 0x0, 0xe5, 0xbe, 0xa3,
    0x0, 0x0, 0x0, 0x0, 0xe5, 0x79, 0xff, 0xe8,
    0x30, 0x2, 0x86, 0xf5, 0x0, 0x33, 0xbe, 0xf1,
    0xc, 0xef, 0xf5, 0x20, 0x20, 0x11, 0xf3, 0xe,
    0x88, 0xf5, 0xb1, 0xd3, 0x90, 0xf3, 0x7, 0xf2,
    0xa2, 0xb1, 0xd3, 0x90, 0xf3, 0x0, 0xcb, 0x0,
    0xa1, 0xc3, 0x91, 0xf3, 0x0, 0x2f, 0x80, 0x0,
    0x0, 0x5, 0xf1, 0x0, 0x4, 0xfb, 0x65, 0x55,
    0x7e, 0x90, 0x0, 0x0, 0x3b, 0xef, 0xff, 0xd8,
    0x0,

    /* U+F25B "" */
    0x0, 0x0, 0x0, 0x41, 0x0, 0x0, 0x0, 0x18,
    0x50, 0x9f, 0xf3, 0x0, 0x0, 0xc, 0xdf, 0x5f,
    0x7d, 0x80, 0x0, 0x0, 0xe7, 0x9d, 0xf4, 0xd7,
    0x0, 0x0, 0x9, 0xc3, 0xff, 0x2f, 0xd6, 0x0,
    0x0, 0x3f, 0x2e, 0xf4, 0xfb, 0xfe, 0xa0, 0x0,
    0xd8, 0x8f, 0x5f, 0x1f, 0x9f, 0x40, 0x8, 0xff,
    0xfe, 0xfb, 0xf3, 0xf5, 0x0, 0xeb, 0x66, 0xaf,
    0xff, 0xdf, 0x50, 0x1f, 0x31, 0x5a, 0xe0, 0x7f,
    0xf5, 0x0, 0xf4, 0x5f, 0xe5, 0x0, 0xf, 0x50,
    0xd, 0x80, 0x0, 0x0, 0x3, 0xf1, 0x0, 0x6f,
    0x30, 0x0, 0x0, 0xcb, 0x0, 0x0, 0xbf, 0x96,
    0x58, 0xde, 0x10, 0x0, 0x0, 0x6b, 0xef, 0xc8,
    0x0, 0x0,

    /* U+F25D "" */
    0x0, 0x0, 0x0, 0x0, 0x0, 0x0, 0x0, 0x0,
    0x1, 0x9e, 0xff, 0xe9, 0x10, 0x0, 0x0, 0x4e,
    0xe9, 0x66, 0x9e, 0xe4, 0x0, 0x4, 0xf9, 0x0,
    0x0, 0x0, 0x9f, 0x40, 0xe, 0xa0, 0x0, 0x11,
    0x0, 0xa, 0xd0, 0x7e, 0x10, 0x1f, 0xff, 0xd1,
    0x1, 0xe7, 0xc9, 0x0, 0x2f, 0x55, 0xe8, 0x0,
    0xac, 0xf6, 0x0, 0x2f, 0x31, 0xd8, 0x0, 0x6e,
    0xf6, 0x0, 0x2f, 0xff, 0xe2, 0x0, 0x6f, 0xd9,
    0x0, 0x2f, 0x5c, 0xb0, 0x0, 0x9d, 0x9d, 0x0,
    0x2f, 0x13, 0xf4, 0x0, 0xd8, 0x1f, 0x80, 0x4,
    0x0, 0x61, 0x8, 0xe1, 0x6, 0xf6, 0x0, 0x0,
    0x0, 0x6f, 0x60, 0x0, 0x7f, 0xb6, 0x33, 0x6c,
    0xf7, 0x0, 0x0, 0x3, 0xcf, 0xff, 0xfc, 0x30,
    0x0, 0x0, 0x0, 0x1, 0x33, 0x10, 0x0, 0x0,

    /* U+F271 "" */
    0x0, 0x0, 0x0, 0x0, 0x0, 0x0, 0x0, 0x4,
    0xd0, 0x0, 0xd, 0x50, 0x0, 0x4, 0x9f, 0x55,
    0x55, 0xf9, 0x50, 0xb, 0xff, 0xff, 0xff, 0xff,
    0xff, 0xd0, 0xf6, 0x0, 0x0, 0x0, 0x0, 0x2f,
    0x3f, 0x50, 0x0, 0x3, 0x0, 0x1, 0xf4, 0xf5,
    0x0, 0x6, 0xe0, 0x0, 0x1f, 0x4f, 0x50, 0x16,
    0xaf, 0x62, 0x1, 0xf4, 0xf5, 0x4, 0xee, 0xfe,
    0x50, 0x1f, 0x4f, 0x50, 0x0, 0x6e, 0x0, 0x1,
    0xf4, 0xf5, 0x0, 0x3, 0xa0, 0x0, 0x1f, 0x4f,
    0x50, 0x0, 0x0, 0x0, 0x1, 0xf4, 0xea, 0x55,
    0x55, 0x55, 0x55, 0x7f, 0x25, 0xef, 0xff, 0xff,
    0xff, 0xfe, 0x80,

    /* U+F272 "" */
    0x0, 0x0, 0x0, 0x0, 0x0, 0x0, 0x0, 0x4,
    0xd0, 0x0, 0xd, 0x50, 0x0, 0x4, 0x9f, 0x55,
    0x55, 0xf9, 0x50, 0xb, 0xff, 0xff, 0xff, 0xff,
    0xff, 0xd0, 0xf6, 0x0, 0x0, 0x0, 0x0, 0x2f,
    0x3f, 0x50, 0x0, 0x0, 0x0, 0x1, 0xf4, 0xf5,
    0x0, 0x0, 0x0, 0x0, 0x1f, 0x4f, 0x50, 0x15,
    0x55, 0x51, 0x1, 0xf4, 0xf5, 0x5, 0xff, 0xff,
    0x50, 0x1f, 0x4f, 0x50, 0x0, 0x0, 0x0, 0x1,
    0xf4, 0xf5, 0x0, 0x0, 0x0, 0x0, 0x1f, 0x4f,
    0x50, 0x0, 0x0, 0x0, 0x1, 0xf4, 0xea, 0x55,
    0x55, 0x55, 0x55, 0x7f, 0x25, 0xef, 0xff, 0xff,
    0xff, 0xfe, 0x80,

    /* U+F273 "" */
    0x0, 0x0, 0x0, 0x0, 0x0, 0x0, 0x0, 0x4,
    0xd0, 0x0, 0xd, 0x50, 0x0, 0x4, 0x9f, 0x55,
    0x55, 0xf9, 0x50, 0xb, 0xff, 0xff, 0xff, 0xff,
    0xff, 0xd0, 0xf6, 0x0, 0x0, 0x0, 0x0, 0x2f,
    0x3f, 0x50, 0x0, 0x0, 0x0, 0x1, 0xf4, 0xf5,
    0x0, 0xa5, 0x4a, 0x0, 0x1f, 0x4f, 0x50, 0x8,
    0xff, 0x80, 0x1, 0xf4, 0xf5, 0x0, 0x3f, 0xf3,
    0x0, 0x1f, 0x4f, 0x50, 0xd, 0xa9, 0xd0, 0x1,
    0xf4, 0xf5, 0x0, 0x10, 0x1, 0x0, 0x1f, 0x4f,
    0x50, 0x0, 0x0, 0x0, 0x1, 0xf4, 0xea, 0x55,
    0x55, 0x55, 0x55, 0x7f, 0x25, 0xef, 0xff, 0xff,
    0xff, 0xfe, 0x80,

    /* U+F274 "" */
    0x0, 0x0, 0x0, 0x0, 0x0, 0x0, 0x0, 0x4,
    0xd0, 0x0, 0xd, 0x50, 0x0, 0x4, 0x9f, 0x55,
    0x55, 0xf9, 0x50, 0xb, 0xff, 0xff, 0xff, 0xff,
    0xff, 0xd0, 0xf6, 0x0, 0x0, 0x0, 0x0, 0x2f,
    0x3f, 0x50, 0x0, 0x0, 0x6, 0x1, 0xf4, 0xf5,
    0x0, 0x0, 0x9, 0xe0, 0x1f, 0x4f, 0x50, 0x0,
    0x4, 0xf5, 0x1, 0xf4, 0xf5, 0x5, 0x11, 0xe9,
    0x0, 0x1f, 0x4f, 0x50, 0xcd, 0xcd, 0x0, 0x1,
    0xf4, 0xf5, 0x1, 0xdf, 0x20, 0x0, 0x1f, 0x4f,
    0x50, 0x1, 0x30, 0x0, 0x1, 0xf4, 0xea, 0x55,
    0x55, 0x55, 0x55, 0x7f, 0x25, 0xef, 0xff, 0xff,
    0xff, 0xfe, 0x80,

    /* U+F278 "" */
    0x0, 0x3, 0x64, 0x0, 0x0, 0x0, 0x36, 0x4,
    0xcf, 0xff, 0xe9, 0x30, 0x4b, 0xff, 0xcf, 0xa4,
    0xf6, 0x7d, 0xff, 0xfb, 0x8f, 0xf5, 0x0, 0xf3,
    0x0, 0x5f, 0x30, 0x4f, 0xf4, 0x0, 0xf3, 0x0,
    0x3f, 0x0, 0x4f, 0xf4, 0x0, 0xf3, 0x0, 0x3f,
    0x0, 0x4f, 0xf4, 0x0, 0xf3, 0x0, 0x3f, 0x0,
    0x4f, 0xf4, 0x0, 0xf3, 0x0, 0x3f, 0x0, 0x4f,
    0xf4, 0x0, 0xf3, 0x0, 0x3f, 0x0, 0x4f, 0xf4,
    0x0, 0xf3, 0x0, 0x3f, 0x0, 0x4f, 0xf4, 0x2a,
    0xfb, 0x40, 0x3f, 0x2, 0xbf, 0xfd, 0xfd, 0x7b,
    0xff, 0xcf, 0xbf, 0xc4, 0xec, 0x40, 0x0, 0x16,
    0xce, 0xb4, 0x0, 0x0, 0x0, 0x0, 0x0, 0x0,
    0x0, 0x0,

    /* U+F279 "" */
    0x0, 0x3, 0x64, 0x0, 0x0, 0x0, 0x36, 0x4,
    0xcf, 0xff, 0xe9, 0x30, 0x4b, 0xff, 0xcf, 0xa4,
    0xf6, 0x7d, 0xff, 0xfb, 0x8f, 0xf5, 0x0, 0xf3,
    0x0, 0x5f, 0x30, 0x4f, 0xf4, 0x0, 0xf3, 0x0,
    0x3f, 0x0, 0x4f, 0xf4, 0x0, 0xf3, 0x0, 0x3f,
    0x0, 0x4f, 0xf4, 0x0, 0xf3, 0x0, 0x3f, 0x0,
    0x4f, 0xf4, 0x0, 0xf3, 0x0, 0x3f, 0x0, 0x4f,
    0xf4, 0x0, 0xf3, 0x0, 0x3f, 0x0, 0x4f, 0xf4,
    0x0, 0xf3, 0x0, 0x3f, 0x0, 0x4f, 0xf4, 0x2a,
    0xfb, 0x40, 0x3f, 0x2, 0xbf, 0xfd, 0xfd, 0x7b,
    0xff, 0xcf, 0xbf, 0xc4, 0xec, 0x40, 0x0, 0x16,
    0xce, 0xb4, 0x0, 0x0, 0x0, 0x0, 0x0, 0x0,
    0x0, 0x0,

    /* U+F27A "" */
    0x1, 0x55, 0x55, 0x55, 0x55, 0x55, 0x10, 0x4f,
    0xff, 0xff, 0xff, 0xff, 0xff, 0xf4, 0xdb, 0x0,
    0x0, 0x0, 0x0, 0x0, 0xbd, 0xf5, 0x0, 0x0,
    0x0, 0x0, 0x0, 0x5f, 0xf5, 0x0, 0x0, 0x0,
    0x0, 0x0, 0x5f, 0xf5, 0x0, 0x0, 0x0, 0x0,
    0x0, 0x5f, 0xf5, 0x0, 0x0, 0x0, 0x0, 0x0,
    0x5f, 0xf5, 0x0, 0x0, 0x0, 0x0, 0x0, 0x5f,
    0xf5, 0x0, 0x0, 0x0, 0x0, 0x0, 0x5f, 0xf6,
    0x0, 0x0, 0x0, 0x0, 0x0, 0x6f, 0xad, 0x65,
    0x20, 0x1, 0x45, 0x56, 0xdb, 0x1a, 0xff, 0xe0,
    0x6f, 0xff, 0xff, 0xb1, 0x0, 0x6, 0xfb, 0xf7,
    0x0, 0x0, 0x0, 0x0, 0x6, 0xfd, 0x30, 0x0,
    0x0, 0x0, 0x0, 0x1, 0x70, 0x0, 0x0, 0x0,
    0x0,

    /* U+F27B "" */
    0x0, 0x0, 0x1, 0x33, 0x10, 0x0, 0x0, 0x0,
    0x3, 0xcf, 0xff, 0xfc, 0x30, 0x0, 0x0, 0x9f,
    0xa5, 0x22, 0x5a, 0xf9, 0x0, 0x8, 0xe4, 0x0,
    0x0, 0x0, 0x4e, 0x80, 0x4f, 0x50, 0x0, 0x0,
    0x0, 0x5, 0xf4, 0xbb, 0x0, 0x0, 0x0, 0x0,
    0x0, 0xbb, 0xe7, 0x5, 0x40, 0x55, 0x4, 0x50,
    0x7e, 0xf5, 0xc, 0xa0, 0xbb, 0xa, 0xc0, 0x6f,
    0xc8, 0x0, 0x0, 0x0, 0x0, 0x0, 0x9d, 0x8d,
    0x0, 0x0, 0x0, 0x0, 0x0, 0xd9, 0x1e, 0x70,
    0x0, 0x0, 0x0, 0x9, 0xe1, 0xb, 0xa0, 0x0,
    0x0, 0x1, 0xaf, 0x40, 0x4f, 0x9c, 0xdb, 0x88,
    0xbf, 0xd3, 0x0, 0xcf, 0xfa, 0x6b, 0xdd, 0xb6,
    0x0, 0x0, 0x97, 0x10, 0x0, 0x0, 0x0, 0x0,
    0x0,

    /* U+F283 "" */
    0x4, 0x55, 0x55, 0x55, 0x55, 0x55, 0x40, 0xbf,
    0xff, 0xff, 0xff, 0xff, 0xff, 0xfb, 0xf6, 0x0,
    0x0, 0x0, 0x0, 0x0, 0x6f, 0xfd, 0xcc, 0xcc,
    0xcc, 0xcc, 0xcc, 0xdf, 0xff, 0xff, 0xff, 0xff,
    0xff, 0xff, 0xff, 0xf4, 0x0, 0x0, 0x0, 0x0,
    0x0, 0x4f, 0xf4, 0x0, 0x0, 0x0, 0x0, 0x0,
    0x4f, 0xf4, 0x47, 0x40, 0x47, 0x60, 0x0, 0x4f,
    0xf4, 0x8d, 0x80, 0x9d, 0xc1, 0x0, 0x4f, 0xf9,
    0x44, 0x44, 0x44, 0x44, 0x44, 0x9f, 0x6f, 0xff,
    0xff, 0xff, 0xff, 0xff, 0xf6,

    /* U+F28B "" */
    0x0, 0x0, 0x1, 0x33, 0x10, 0x0, 0x0, 0x0,
    0x2, 0xbf, 0xff, 0xfb, 0x20, 0x0, 0x0, 0x7f,
    0xb5, 0x22, 0x5b, 0xf7, 0x0, 0x6, 0xf6, 0x0,
    0x0, 0x0, 0x6f, 0x60, 0x1f, 0x70, 0x0, 0x0,
    0x0, 0x7, 0xf1, 0x9d, 0x0, 0x1c, 0x0, 0xc1,
    0x0, 0xd9, 0xd9, 0x0, 0x2f, 0x11, 0xf2, 0x0,
    0x9d, 0xf6, 0x0, 0x2f, 0x11, 0xf2, 0x0, 0x6f,
    0xe7, 0x0, 0x2f, 0x11, 0xf2, 0x0, 0x7e, 0xca,
    0x0, 0x2f, 0x11, 0xf2, 0x0, 0xac, 0x6f, 0x10,
    0x4, 0x0, 0x40, 0x1, 0xf6, 0xc, 0xb0, 0x0,
    0x0, 0x0, 0xb, 0xc0, 0x2, 0xfc, 0x20, 0x0,
    0x2, 0xcf, 0x20, 0x0, 0x2c, 0xfc, 0x88, 0xcf,
    0xc2, 0x0, 0x0, 0x0, 0x5a, 0xcc, 0xa5, 0x0,
    0x0,

    /* U+F28C "" */
    0x0, 0x0, 0x1, 0x33, 0x10, 0x0, 0x0, 0x0,
    0x2, 0xbf, 0xff, 0xfb, 0x20, 0x0, 0x0, 0x7f,
    0xb5, 0x22, 0x5b, 0xf7, 0x0, 0x6, 0xf6, 0x0,
    0x0, 0x0, 0x6f, 0x60, 0x1f, 0x70, 0x0, 0x0,
    0x0, 0x7, 0xf1, 0x9d, 0x0, 0x1c, 0x0, 0xc1,
    0x0, 0xd9, 0xd9, 0x0, 0x2f, 0x11, 0xf2, 0x0,
    0x9d, 0xf6, 0x0, 0x2f, 0x11, 0xf2, 0x0, 0x6f,
    0xe7, 0x0, 0x2f, 0x11, 0xf2, 0x0, 0x7e, 0xca,
    0x0, 0x2f, 0x11, 0xf2, 0x0, 0xac, 0x6f, 0x10,
    0x4, 0x0, 0x40, 0x1, 0xf6, 0xc, 0xb0, 0x0,
    0x0, 0x0, 0xb, 0xc0, 0x2, 0xfc, 0x20, 0x0,
    0x2, 0xcf, 0x20, 0x0, 0x2c, 0xfc, 0x88, 0xcf,
    0xc2, 0x0, 0x0, 0x0, 0x5a, 0xcc, 0xa5, 0x0,
    0x0,

    /* U+F28D "" */
    0x0, 0x0, 0x1, 0x33, 0x10, 0x0, 0x0, 0x0,
    0x2, 0xbf, 0xff, 0xfb, 0x20, 0x0, 0x0, 0x7f,
    0xb5, 0x22, 0x5b, 0xf7, 0x0, 0x6, 0xf6, 0x0,
    0x0, 0x0, 0x6f, 0x60, 0x1f, 0x70, 0x0, 0x0,
    0x0, 0x7, 0xf1, 0x9d, 0x0, 0x3e, 0xff, 0xe3,
    0x0, 0xd9, 0xd9, 0x0, 0x6f, 0x55, 0xf6, 0x0,
    0x9d, 0xf6, 0x0, 0x6e, 0x0, 0xe6, 0x0, 0x6f,
    0xe7, 0x0, 0x6e, 0x0, 0xe6, 0x0, 0x7e, 0xca,
    0x0, 0x5f, 0xff, 0xf5, 0x0, 0xac, 0x6f, 0x10,
    0x5, 0x55, 0x50, 0x1, 0xf6, 0xc, 0xb0, 0x0,
    0x0, 0x0, 0xb, 0xc0, 0x2, 0xfc, 0x20, 0x0,
    0x2, 0xcf, 0x20, 0x0, 0x2c, 0xfc, 0x88, 0xcf,
    0xc2, 0x0, 0x0, 0x0, 0x5a, 0xcc, 0xa5, 0x0,
    0x0,

    /* U+F28E "" */
    0x0, 0x0, 0x1, 0x33, 0x10, 0x0, 0x0, 0x0,
    0x2, 0xbf, 0xff, 0xfb, 0x20, 0x0, 0x0, 0x7f,
    0xb5, 0x22, 0x5b, 0xf7, 0x0, 0x6, 0xf6, 0x0,
    0x0, 0x0, 0x6f, 0x60, 0x1f, 0x70, 0x0, 0x0,
    0x0, 0x7, 0xf1, 0x9d, 0x0, 0x3e, 0xff, 0xe3,
    0x0, 0xd9, 0xd9, 0x0, 0x6f, 0x55, 0xf6, 0x0,
    0x9d, 0xf6, 0x0, 0x6e, 0x0, 0xe6, 0x0, 0x6f,
    0xe7, 0x0, 0x6e, 0x0, 0xe6, 0x0, 0x7e, 0xca,
    0x0, 0x5f, 0xff, 0xf5, 0x0, 0xac, 0x6f, 0x10,
    0x5, 0x55, 0x50, 0x1, 0xf6, 0xc, 0xb0, 0x0,
    0x0, 0x0, 0xb, 0xc0, 0x2, 0xfc, 0x20, 0x0,
    0x2, 0xcf, 0x20, 0x0, 0x2c, 0xfc, 0x88, 0xcf,
    0xc2, 0x0, 0x0, 0x0, 0x5a, 0xcc, 0xa5, 0x0,
    0x0,

    /* U+F29C "" */
    0x0, 0x0, 0x1, 0x33, 0x10, 0x0, 0x0, 0x0,
    0x2, 0xbf, 0xff, 0xfb, 0x20, 0x0, 0x0, 0x7f,
    0xb5, 0x22, 0x5b, 0xf7, 0x0, 0x6, 0xf6, 0x0,
    0x0, 0x0, 0x6f, 0x60, 0x1f, 0x70, 0x3, 0xbc,
    0x30, 0x7, 0xf1, 0x9d, 0x0, 0xe, 0xbb, 0xe0,
    0x0, 0xd9, 0xd9, 0x0, 0x1f, 0x13, 0xf2, 0x0,
    0x9d, 0xf6, 0x0, 0x0, 0x4f, 0xc0, 0x0, 0x6f,
    0xe7, 0x0, 0x0, 0x9b, 0x0, 0x0, 0x7e, 0xca,
    0x0, 0x0, 0x0, 0x0, 0x0, 0xac, 0x6f, 0x10,
    0x0, 0xbb, 0x0, 0x1, 0xf6, 0xc, 0xb0, 0x0,
    0x66, 0x0, 0xb, 0xc0, 0x2, 0xfc, 0x20, 0x0,
    0x2, 0xcf, 0x20, 0x0, 0x2c, 0xfc, 0x88, 0xcf,
    0xc2, 0x0, 0x0, 0x0, 0x5a, 0xdc, 0xa5, 0x0,
    0x0,

    /* U+F2B4 "" */
    0x0, 0x0, 0x0, 0x0, 0x0, 0x0, 0x0, 0x4e,
    0xa0, 0x0, 0x0, 0x0, 0x0, 0x0, 0x9f, 0xf1,
    0x0, 0x0, 0x0, 0x0, 0x0, 0x3f, 0xe6, 0x66,
    0x66, 0x66, 0x66, 0x61, 0x1f, 0xee, 0xee, 0xee,
    0xee, 0xee, 0xf7, 0x1f, 0x20, 0x0, 0x0, 0x0,
    0x5, 0xf1, 0x1f, 0x20, 0x0, 0x0, 0x0, 0xc,
    0xa0, 0x1f, 0x20, 0x0, 0x0, 0x0, 0x3f, 0x20,
    0x1f, 0x20, 0x0, 0x0, 0x0, 0x6e, 0x0, 0x1f,
    0x20, 0x0, 0x0, 0x0, 0x1f, 0x50, 0x1f, 0x20,
    0x0, 0x0, 0x0, 0x9, 0xd0, 0x1f, 0x74, 0x44,
    0x44, 0x44, 0x47, 0xf4, 0x1f, 0xff, 0xff, 0xff,
    0xff, 0xff, 0xf6, 0x1f, 0x20, 0x0, 0x0, 0x0,
    0x0, 0x0, 0x1b, 0x20, 0x0, 0x0, 0x0, 0x0,
    0x0,

    /* U+F2B5 "" */
    0x1, 0x0, 0x0, 0x0, 0x0, 0x0, 0x0, 0x1,
    0x0, 0xfa, 0x11, 0x45, 0x55, 0x55, 0x52, 0x4,
    0xe8, 0x3, 0xde, 0xef, 0xff, 0xff, 0xff, 0xfc,
    0xf9, 0x0, 0x0, 0x98, 0x6, 0xf8, 0x0, 0x4,
    0xb4, 0x0, 0x0, 0x0, 0x6, 0xf6, 0x2, 0x30,
    0x0, 0x0, 0x0, 0x0, 0x5, 0xf6, 0x3, 0xff,
    0x40, 0x0, 0x0, 0x0, 0x0, 0x7f, 0xa9, 0xfb,
    0x9f, 0x40, 0x0, 0x2, 0xa1, 0x0, 0x6c, 0xc6,
    0x0, 0x9f, 0x50, 0x68, 0x1d, 0xd1, 0x0, 0x0,
    0x0, 0x0, 0x9f, 0x7f, 0x70, 0x1d, 0xd1, 0x0,
    0x0, 0x1, 0x30, 0xff, 0x70, 0x0, 0x1d, 0xd1,
    0x2, 0x40, 0x5f, 0xaf, 0x70, 0x0, 0x0, 0x1d,
    0xe5, 0x6f, 0x63, 0xdf, 0x70, 0x0, 0x0, 0x0,
    0x9, 0xff, 0xff, 0xfd, 0x40, 0x0, 0x0, 0x0,
    0x0, 0x0, 0x34, 0x42, 0x0, 0x0, 0x0,

    /* U+F2B6 "" */
    0x0, 0x0, 0x3, 0x99, 0x30, 0x0, 0x0, 0x0,
    0x0, 0x8f, 0xbb, 0xf8, 0x0, 0x0, 0x0, 0x2d,
    0xf6, 0x0, 0x6f, 0xd2, 0x0, 0x7, 0xfc, 0x10,
    0x0, 0x1, 0xcf, 0x70, 0xaf, 0x70, 0x0, 0x0,
    0x0, 0x7, 0xfa, 0xfa, 0x0, 0x0, 0x0, 0x0,
    0x0, 0xaf, 0xff, 0xc1, 0x0, 0x0, 0x0, 0x1c,
    0xff, 0xf7, 0xde, 0x40, 0x0, 0x4, 0xed, 0x7f,
    0xf5, 0x9, 0xf7, 0x0, 0x7f, 0x90, 0x5f, 0xf5,
    0x0, 0x6f, 0xcc, 0xf6, 0x0, 0x5f, 0xf5, 0x0,
    0x2, 0x99, 0x20, 0x0, 0x5f, 0xf5, 0x0, 0x0,
    0x0, 0x0, 0x0, 0x5f, 0xea, 0x55, 0x55, 0x55,
    0x55, 0x55, 0xae, 0x5e, 0xff, 0xff, 0xff, 0xff,
    0xff, 0xe5,

    /* U+F2B7 "" */
    0x0, 0x0, 0x3, 0x99, 0x30, 0x0, 0x0, 0x0,
    0x0, 0x8f, 0xbb, 0xf8, 0x0, 0x0, 0x0, 0x2d,
    0xf6, 0x0, 0x6f, 0xd2, 0x0, 0x7, 0xfc, 0x10,
    0x0, 0x1, 0xcf, 0x70, 0xaf, 0x70, 0x0, 0x0,
    0x0, 0x7, 0xfa, 0xfa, 0x0, 0x0, 0x0, 0x0,
    0x0, 0xaf, 0xff, 0xc1, 0x0, 0x0, 0x0, 0x1c,
    0xff, 0xf7, 0xde, 0x40, 0x0, 0x4, 0xed, 0x7f,
    0xf5, 0x9, 0xf7, 0x0, 0x7f, 0x90, 0x5f, 0xf5,
    0x0, 0x6f, 0xcc, 0xf6, 0x0, 0x5f, 0xf5, 0x0,
    0x2, 0x99, 0x20, 0x0, 0x5f, 0xf5, 0x0, 0x0,
    0x0, 0x0, 0x0, 0x5f, 0xea, 0x55, 0x55, 0x55,
    0x55, 0x55, 0xae, 0x5e, 0xff, 0xff, 0xff, 0xff,
    0xff, 0xe5,

    /* U+F2B9 "" */
    0x0, 0x33, 0x33, 0x33, 0x33, 0x30, 0x0, 0xb,
    0xff, 0xff, 0xff, 0xff, 0xfd, 0x0, 0x1f, 0x50,
    0x0, 0x0, 0x0, 0x3f, 0x33, 0x1f, 0x20, 0x0,
    0x0, 0x0, 0xf, 0x3d, 0x1f, 0x20, 0x0, 0x30,
    0x0, 0xf, 0x3d, 0x1f, 0x20, 0x8, 0xfe, 0x0,
    0xf, 0x31, 0x1f, 0x20, 0xb, 0xff, 0x10, 0xf,
    0x37, 0x1f, 0x20, 0x2, 0xa6, 0x0, 0xf, 0x3d,
    0x1f, 0x20, 0x3, 0x44, 0x10, 0xf, 0x37, 0x1f,
    0x20, 0xcf, 0xff, 0xf3, 0xf, 0x33, 0x1f, 0x24,
    0xff, 0xff, 0xfa, 0xf, 0x3d, 0x1f, 0x20, 0x33,
    0x33, 0x31, 0xf, 0x3c, 0x1f, 0x20, 0x0, 0x0,
    0x0, 0xf, 0x30, 0xf, 0x95, 0x55, 0x55, 0x55,
    0x7f, 0x20, 0x7, 0xef, 0xff, 0xff, 0xff, 0xe8,
    0x0,

    /* U+F2BA "" */
    0x0, 0x33, 0x33, 0x33, 0x33, 0x30, 0x0, 0xb,
    0xff, 0xff, 0xff, 0xff, 0xfd, 0x0, 0x1f, 0x50,
    0x0, 0x0, 0x0, 0x3f, 0x33, 0x1f, 0x20, 0x0,
    0x0, 0x0, 0xf, 0x3d, 0x1f, 0x20, 0x0, 0x30,
    0x0, 0xf, 0x3d, 0x1f, 0x20, 0x8, 0xfe, 0x0,
    0xf, 0x31, 0x1f, 0x20, 0xb, 0xff, 0x10, 0xf,
    0x37, 0x1f, 0x20, 0x2, 0xa6, 0x0, 0xf, 0x3d,
    0x1f, 0x20, 0x3, 0x44, 0x10, 0xf, 0x37, 0x1f,
    0x20, 0xcf, 0xff, 0xf3, 0xf, 0x33, 0x1f, 0x24,
    0xff, 0xff, 0xfa, 0xf, 0x3d, 0x1f, 0x20, 0x33,
    0x33, 0x31, 0xf, 0x3c, 0x1f, 0x20, 0x0, 0x0,
    0x0, 0xf, 0x30, 0xf, 0x95, 0x55, 0x55, 0x55,
    0x7f, 0x20, 0x7, 0xef, 0xff, 0xff, 0xff, 0xe8,
    0x0,

    /* U+F2BB "" */
    0x4, 0x55, 0x55, 0x55, 0x55, 0x55, 0x55, 0x40,
    0xaf, 0xff, 0xff, 0xff, 0xff, 0xff, 0xff, 0xf9,
    0xf6, 0x0, 0x0, 0x0, 0x0, 0x0, 0x0, 0x7e,
    0xf4, 0x0, 0x17, 0x30, 0x0, 0x55, 0x50, 0x6e,
    0xf4, 0x0, 0xaf, 0xf1, 0x2, 0xde, 0xd2, 0x6e,
    0xf4, 0x0, 0x9f, 0xe0, 0x0, 0x0, 0x0, 0x6e,
    0xf4, 0x0, 0x4, 0x10, 0x2, 0xdd, 0xc1, 0x6e,
    0xf4, 0x2, 0x89, 0x84, 0x0, 0x66, 0x60, 0x6e,
    0xf4, 0x1e, 0xff, 0xff, 0x60, 0x0, 0x0, 0x6e,
    0xf4, 0x3f, 0xff, 0xff, 0xa0, 0x0, 0x0, 0x6e,
    0xf4, 0x0, 0x0, 0x0, 0x0, 0x0, 0x0, 0x6e,
    0xea, 0x55, 0x55, 0x55, 0x55, 0x55, 0x55, 0xbd,
    0x5e, 0xff, 0xff, 0xff, 0xff, 0xff, 0xff, 0xd4,

    /* U+F2BC "" */
    0x4, 0x55, 0x55, 0x55, 0x55, 0x55, 0x55, 0x40,
    0xaf, 0xff, 0xff, 0xff, 0xff, 0xff, 0xff, 0xf9,
    0xf6, 0x0, 0x0, 0x0, 0x0, 0x0, 0x0, 0x7e,
    0xf4, 0x0, 0x17, 0x30, 0x0, 0x55, 0x50, 0x6e,
    0xf4, 0x0, 0xaf, 0xf1, 0x2, 0xde, 0xd2, 0x6e,
    0xf4, 0x0, 0x9f, 0xe0, 0x0, 0x0, 0x0, 0x6e,
    0xf4, 0x0, 0x4, 0x10, 0x2, 0xdd, 0xc1, 0x6e,
    0xf4, 0x2, 0x89, 0x84, 0x0, 0x66, 0x60, 0x6e,
    0xf4, 0x1e, 0xff, 0xff, 0x60, 0x0, 0x0, 0x6e,
    0xf4, 0x3f, 0xff, 0xff, 0xa0, 0x0, 0x0, 0x6e,
    0xf4, 0x0, 0x0, 0x0, 0x0, 0x0, 0x0, 0x6e,
    0xea, 0x55, 0x55, 0x55, 0x55, 0x55, 0x55, 0xbd,
    0x5e, 0xff, 0xff, 0xff, 0xff, 0xff, 0xff, 0xd4,

    /* U+F2BD "" */
    0x0, 0x0, 0x1, 0x33, 0x10, 0x0, 0x0, 0x0,
    0x2, 0xbf, 0xff, 0xfb, 0x20, 0x0, 0x0, 0x7f,
    0xb5, 0x22, 0x5b, 0xf7, 0x0, 0x6, 0xf6, 0x0,
    0x11, 0x0, 0x6f, 0x60, 0x1f, 0x70, 0x9, 0xff,
    0x90, 0x7, 0xf1, 0x9d, 0x0, 0x4f, 0x55, 0xf4,
    0x0, 0xd9, 0xd9, 0x0, 0x5f, 0x21, 0xf5, 0x0,
    0x9d, 0xf6, 0x0, 0xd, 0xff, 0xd0, 0x0, 0x6f,
    0xe7, 0x0, 0x0, 0x55, 0x0, 0x0, 0x6e, 0xca,
    0x0, 0x4, 0x55, 0x40, 0x0, 0xac, 0x6f, 0x11,
    0xef, 0xff, 0xfe, 0x21, 0xe6, 0xc, 0xbc, 0xb1,
    0x0, 0x1b, 0xdb, 0xc0, 0x2, 0xff, 0x30, 0x0,
    0x3, 0xff, 0x20, 0x0, 0x2c, 0xfb, 0x88, 0xbf,
    0xc2, 0x0, 0x0, 0x0, 0x5a, 0xcc, 0xa5, 0x0,
    0x0,

    /* U+F2BE "" */
    0x0, 0x0, 0x1, 0x33, 0x10, 0x0, 0x0, 0x0,
    0x2, 0xbf, 0xff, 0xfb, 0x20, 0x0, 0x0, 0x7f,
    0xb5, 0x22, 0x5b, 0xf7, 0x0, 0x6, 0xf6, 0x0,
    0x11, 0x0, 0x6f, 0x60, 0x1f, 0x70, 0x9, 0xff,
    0x90, 0x7, 0xf1, 0x9d, 0x0, 0x4f, 0x55, 0xf4,
    0x0, 0xd9, 0xd9, 0x0, 0x5f, 0x21, 0xf5, 0x0,
    0x9d, 0xf6, 0x0, 0xd, 0xff, 0xd0, 0x0, 0x6f,
    0xe7, 0x0, 0x0, 0x55, 0x0, 0x0, 0x6e, 0xca,
    0x0, 0x4, 0x55, 0x40, 0x0, 0xac, 0x6f, 0x11,
    0xef, 0xff, 0xfe, 0x21, 0xe6, 0xc, 0xbc, 0xb1,
    0x0, 0x1b, 0xdb, 0xc0, 0x2, 0xff, 0x30, 0x0,
    0x3, 0xff, 0x20, 0x0, 0x2c, 0xfb, 0x88, 0xbf,
    0xc2, 0x0, 0x0, 0x0, 0x5a, 0xcc, 0xa5, 0x0,
    0x0,

    /* U+F2C0 "" */
    0x0, 0x0, 0x1, 0x20, 0x0, 0x0, 0x0, 0x0,
    0x2c, 0xff, 0xd3, 0x0, 0x0, 0x0, 0xc, 0xc3,
    0x2a, 0xe1, 0x0, 0x0, 0x3, 0xf2, 0x0, 0xe,
    0x60, 0x0, 0x0, 0x5f, 0x0, 0x0, 0xd7, 0x0,
    0x0, 0x2, 0xf5, 0x0, 0x2f, 0x40, 0x0, 0x0,
    0x8, 0xf9, 0x8e, 0xb0, 0x0, 0x0, 0x0, 0x6,
    0xbc, 0x70, 0x0, 0x0, 0x0, 0x0, 0x0, 0x0,
    0x0, 0x0, 0x0, 0x4, 0xae, 0xff, 0xeb, 0x60,
    0x0, 0x8, 0xfa, 0x65, 0x56, 0x9f, 0xc0, 0x4,
    0xf5, 0x0, 0x0, 0x0, 0x2e, 0x80, 0xba, 0x0,
    0x0, 0x0, 0x0, 0x6f, 0xe, 0x60, 0x0, 0x0,
    0x0, 0x2, 0xf2, 0x92, 0x0, 0x0, 0x0, 0x0,
    0x9, 0x10,

    /* U+F2C1 "" */
    0x3, 0x44, 0x44, 0x44, 0x30, 0x9, 0xff, 0xff,
    0xff, 0xff, 0xe1, 0xf7, 0x17, 0xff, 0xf1, 0x2f,
    0x5f, 0x50, 0x5, 0x63, 0x0, 0xe6, 0xf5, 0x0,
    0x0, 0x0, 0xe, 0x6f, 0x50, 0x8, 0xb3, 0x0,
    0xe6, 0xf5, 0x2, 0xff, 0xa0, 0xe, 0x6f, 0x50,
    0xd, 0xf6, 0x0, 0xe6, 0xf5, 0x0, 0x1, 0x0,
    0xe, 0x6f, 0x50, 0x59, 0x97, 0x10, 0xe6, 0xf5,
    0x7f, 0xff, 0xfd, 0xe, 0x6f, 0x5b, 0xff, 0xff,
    0xf2, 0xe6, 0xf5, 0x0, 0x0, 0x0, 0xe, 0x6e,
    0xa5, 0x55, 0x55, 0x56, 0xf5, 0x5e, 0xff, 0xff,
    0xff, 0xfa, 0x0,

    /* U+F2C2 "" */
    0x6, 0x77, 0x77, 0x77, 0x77, 0x77, 0x77, 0x50,
    0xbf, 0xff, 0xff, 0xff, 0xff, 0xff, 0xff, 0xfa,
    0xff, 0xff, 0xff, 0xff, 0xff, 0xff, 0xff, 0xfe,
    0xff, 0xff, 0xff, 0xff, 0xff, 0xff, 0xff, 0xfe,
    0xf5, 0x0, 0x0, 0x0, 0x0, 0x0, 0x0, 0x6e,
    0xf4, 0x0, 0x3b, 0x70, 0x1, 0x99, 0x91, 0x6e,
    0xf4, 0x0, 0xbf, 0xf1, 0x2, 0xbb, 0xa1, 0x6e,
    0xf4, 0x0, 0x7f, 0xd0, 0x0, 0x0, 0x0, 0x6e,
    0xf4, 0x0, 0x2, 0x0, 0x2, 0xef, 0xe2, 0x6e,
    0xf4, 0x1, 0x78, 0x84, 0x0, 0x55, 0x50, 0x6e,
    0xf4, 0x1e, 0xff, 0xff, 0x60, 0x0, 0x0, 0x6e,
    0xea, 0x8f, 0xff, 0xff, 0xc5, 0x55, 0x55, 0xbd,
    0x5e, 0xff, 0xff, 0xff, 0xff, 0xff, 0xff, 0xd4,

    /* U+F2C3 "" */
    0x6, 0x77, 0x77, 0x77, 0x77, 0x77, 0x77, 0x50,
    0xbf, 0xff, 0xff, 0xff, 0xff, 0xff, 0xff, 0xfa,
    0xff, 0xff, 0xff, 0xff, 0xff, 0xff, 0xff, 0xfe,
    0xff, 0xff, 0xff, 0xff, 0xff, 0xff, 0xff, 0xfe,
    0xf5, 0x0, 0x0, 0x0, 0x0, 0x0, 0x0, 0x6e,
    0xf4, 0x0, 0x3b, 0x70, 0x1, 0x99, 0x91, 0x6e,
    0xf4, 0x0, 0xbf, 0xf1, 0x2, 0xbb, 0xa1, 0x6e,
    0xf4, 0x0, 0x7f, 0xd0, 0x0, 0x0, 0x0, 0x6e,
    0xf4, 0x0, 0x2, 0x0, 0x2, 0xef, 0xe2, 0x6e,
    0xf4, 0x1, 0x78, 0x84, 0x0, 0x55, 0x50, 0x6e,
    0xf4, 0x1e, 0xff, 0xff, 0x60, 0x0, 0x0, 0x6e,
    0xea, 0x8f, 0xff, 0xff, 0xc5, 0x55, 0x55, 0xbd,
    0x5e, 0xff, 0xff, 0xff, 0xff, 0xff, 0xff, 0xd4,

    /* U+F2D0 "" */
    0x5, 0x66, 0x66, 0x66, 0x66, 0x66, 0x50, 0xbf,
    0xff, 0xff, 0xff, 0xff, 0xff, 0xfb, 0xff, 0xff,
    0xff, 0xff, 0xff, 0xff, 0xff, 0xff, 0xff, 0xff,
    0xff, 0xff, 0xff, 0xff, 0xff, 0xff, 0xff, 0xff,
    0xff, 0xff, 0xff, 0xf5, 0x0, 0x0, 0x0, 0x0,
    0x0, 0x5f, 0xf5, 0x0, 0x0, 0x0, 0x0, 0x0,
    0x5f, 0xf5, 0x0, 0x0, 0x0, 0x0, 0x0, 0x5f,
    0xf5, 0x0, 0x0, 0x0, 0x0, 0x0, 0x5f, 0xf9,
    0x55, 0x55, 0x55, 0x55, 0x55, 0x9f, 0x6f, 0xff,
    0xff, 0xff, 0xff, 0xff, 0xf6,

    /* U+F2D1 "" */
    0x35, 0x55, 0x55, 0x55, 0x55, 0x55, 0x53, 0xdf,
    0xff, 0xff, 0xff, 0xff, 0xff, 0xfd,

    /* U+F2D2 "" */
    0x0, 0x0, 0x2, 0x55, 0x55, 0x55, 0x55, 0x40,
    0x0, 0x0, 0x3f, 0xff, 0xff, 0xff, 0xff, 0xf9,
    0x0, 0x0, 0x7b, 0x0, 0x0, 0x0, 0x0, 0x7e,
    0x0, 0x0, 0x0, 0x0, 0x0, 0x0, 0x0, 0x6e,
    0x4d, 0xee, 0xee, 0xee, 0xed, 0x90, 0x0, 0x6e,
    0xef, 0xff, 0xff, 0xff, 0xff, 0xf4, 0x0, 0x6e,
    0xff, 0xff, 0xff, 0xff, 0xff, 0xf6, 0x0, 0x6e,
    0xfb, 0x99, 0x99, 0x99, 0x99, 0xf6, 0x0, 0x7e,
    0xf5, 0x0, 0x0, 0x0, 0x0, 0xf6, 0x2f, 0xf9,
    0xf5, 0x0, 0x0, 0x0, 0x0, 0xf6, 0x5, 0x40,
    0xf5, 0x0, 0x0, 0x0, 0x0, 0xf6, 0x0, 0x0,
    0xea, 0x55, 0x55, 0x55, 0x56, 0xf4, 0x0, 0x0,
    0x5e, 0xff, 0xff, 0xff, 0xff, 0xa0, 0x0, 0x0,

    /* U+F2D4 "" */
    0x4, 0x55, 0x55, 0x55, 0x55, 0x55, 0x40, 0xbf,
    0xff, 0xff, 0xff, 0xff, 0xff, 0xfb, 0xf6, 0x0,
    0x0, 0x0, 0x0, 0x0, 0x6f, 0xf5, 0x0, 0x7,
    0x0, 0x62, 0x0, 0x5f, 0xf5, 0x0, 0xe, 0xc8,
    0xf4, 0x0, 0x5f, 0xf5, 0x0, 0x2, 0xff, 0x60,
    0x0, 0x5f, 0xf5, 0x0, 0x8, 0xfe, 0xc0, 0x0,
    0x5f, 0xf5, 0x0, 0x1f, 0x52, 0xe5, 0x0, 0x5f,
    0xf5, 0x0, 0x0, 0x0, 0x0, 0x0, 0x5f, 0xf9,
    0x55, 0x55, 0x55, 0x55, 0x55, 0x9f, 0x6f, 0xff,
    0xff, 0xff, 0xff, 0xff, 0xf6,

    /* U+F2DC "" */
    0x0, 0x0, 0x0, 0x0, 0x0, 0x0, 0x0, 0x0,
    0x0, 0x0, 0x0, 0xc5, 0x0, 0x0, 0x0, 0x0,
    0x0, 0x0, 0xd, 0x60, 0x0, 0x0, 0x0, 0x0,
    0x0, 0x8d, 0xec, 0xf1, 0x0, 0x0, 0x6, 0x16,
    0xb1, 0xdf, 0xf7, 0x2e, 0x4, 0x30, 0xdf, 0xcf,
    0x1, 0xe9, 0x7, 0xfb, 0xf7, 0x0, 0x8f, 0xf7,
    0xd, 0x61, 0xcf, 0xe3, 0x0, 0x2f, 0xfc, 0xfb,
    0xeb, 0xee, 0xdf, 0xb0, 0x0, 0x30, 0x3, 0xdf,
    0xf9, 0x0, 0x22, 0x0, 0x2b, 0x84, 0xbf, 0xff,
    0xe7, 0x5a, 0x80, 0x0, 0x9f, 0xfd, 0x4d, 0x78,
    0xff, 0xe5, 0x0, 0x5e, 0xff, 0x20, 0xe7, 0x9,
    0xff, 0xb2, 0xe, 0x98, 0xe0, 0x6f, 0xd1, 0x5f,
    0x4c, 0x80, 0x0, 0x24, 0x5f, 0xff, 0xd1, 0x70,
    0x0, 0x0, 0x0, 0x4, 0x6d, 0x88, 0x0, 0x0,
    0x0, 0x0, 0x0, 0x0, 0xd6, 0x0, 0x0, 0x0,
    0x0, 0x0, 0x0, 0x6, 0x20, 0x0, 0x0, 0x0,

    /* U+F2ED "" */
    0x0, 0x1, 0xab, 0xbb, 0x30, 0x0, 0x0, 0x0,
    0x8f, 0xff, 0xfc, 0x0, 0x0, 0xcf, 0xff, 0xff,
    0xff, 0xff, 0xfe, 0x24, 0x55, 0x55, 0x55, 0x55,
    0x55, 0x50, 0x1, 0x0, 0x0, 0x0, 0x0, 0x10,
    0x1, 0xf2, 0x0, 0x0, 0x0, 0xe, 0x50, 0x1f,
    0x20, 0xd2, 0xd, 0x30, 0xe5, 0x1, 0xf2, 0xf,
    0x30, 0xf4, 0xe, 0x50, 0x1f, 0x20, 0xf3, 0xf,
    0x40, 0xe5, 0x1, 0xf2, 0xf, 0x30, 0xf4, 0xe,
    0x50, 0x1f, 0x20, 0xf3, 0xf, 0x40, 0xe5, 0x1,
    0xf2, 0xf, 0x30, 0xe3, 0xe, 0x50, 0x1f, 0x20,
    0x0, 0x0, 0x0, 0xe5, 0x1, 0xf9, 0x55, 0x55,
    0x55, 0x6f, 0x40, 0x7, 0xef, 0xff, 0xff, 0xff,
    0xa0, 0x0,

    /* U+F302 "" */
    0x0, 0x1, 0x55, 0x55, 0x55, 0x55, 0x54, 0x0,
    0x1, 0xff, 0xff, 0xff, 0xff, 0xff, 0xf9, 0x0,
    0x5f, 0x0, 0x0, 0x0, 0x0, 0x7, 0xe6, 0x15,
    0xe1, 0xe6, 0x0, 0x42, 0x0, 0x6e, 0xf4, 0x5e,
    0x7, 0x20, 0x2f, 0xd0, 0x6, 0xef, 0x45, 0xe0,
    0xa, 0xab, 0xff, 0x60, 0x6e, 0xf4, 0x5e, 0x6,
    0xff, 0xff, 0xfe, 0x16, 0xef, 0x45, 0xe0, 0xff,
    0xff, 0xff, 0xf8, 0x6e, 0xf4, 0x5e, 0x6, 0x77,
    0x77, 0x77, 0x36, 0xef, 0x45, 0xf4, 0x22, 0x22,
    0x22, 0x22, 0x9e, 0xf4, 0xd, 0xff, 0xff, 0xff,
    0xff, 0xff, 0x6f, 0x40, 0x1, 0x11, 0x11, 0x11,
    0x11, 0x0, 0xea, 0x55, 0x55, 0x55, 0x55, 0x55,
    0x0, 0x5, 0xef, 0xff, 0xff, 0xff, 0xff, 0xe2,
    0x0,

    /* U+F328 "" */
    0x0, 0x1, 0x33, 0x20, 0x0, 0x0, 0x57, 0xff,
    0xff, 0xb5, 0x10, 0xbf, 0xfa, 0x10, 0x5f, 0xff,
    0x1f, 0x79, 0xd6, 0x69, 0xe2, 0xf5, 0xf4, 0x1b,
    0xee, 0xd5, 0xe, 0x6f, 0x40, 0x0, 0x0, 0x0,
    0xe6, 0xf4, 0x0, 0x0, 0x0, 0xe, 0x6f, 0x40,
    0x0, 0x0, 0x0, 0xe6, 0xf4, 0x0, 0x0, 0x0,
    0xe, 0x6f, 0x40, 0x0, 0x0, 0x0, 0xe6, 0xf4,
    0x0, 0x0, 0x0, 0xe, 0x6f, 0x40, 0x0, 0x0,
    0x0, 0xe6, 0xf4, 0x0, 0x0, 0x0, 0xe, 0x6e,
    0xa5, 0x55, 0x55, 0x56, 0xf5, 0x5e, 0xff, 0xff,
    0xff, 0xfa, 0x0,

    /* U+F332 "" */
    0x0, 0x0, 0x15, 0x55, 0x51, 0x0, 0x0, 0x0,
    0x2, 0xff, 0xff, 0xff, 0x20, 0x0, 0x28, 0x9d,
    0xc0, 0x0, 0xc, 0xd9, 0x81, 0xdd, 0xaa, 0x20,
    0x0, 0x2, 0xaa, 0xdc, 0xf5, 0x0, 0x6, 0xcc,
    0x60, 0x0, 0x5f, 0xf4, 0x0, 0x7f, 0x99, 0xf7,
    0x0, 0x4f, 0xf4, 0x0, 0xe7, 0x0, 0x7e, 0x0,
    0x4f, 0xf4, 0x0, 0xf5, 0x0, 0x5f, 0x0, 0x4f,
    0xf4, 0x0, 0xbd, 0x23, 0xdb, 0x0, 0x4f, 0xf4,
    0x0, 0x1c, 0xff, 0xc1, 0x0, 0x4f, 0xf4, 0x0,
    0x0, 0x22, 0x0, 0x0, 0x4f, 0xea, 0x55, 0x55,
    0x55, 0x55, 0x55, 0xae, 0x5e, 0xff, 0xff, 0xff,
    0xff, 0xff, 0xe5,

    /* U+F34E "" */
    0x0, 0x20, 0x0, 0x0, 0x0, 0x2, 0x0, 0x3e,
    0xfe, 0x0, 0x0, 0x0, 0xef, 0xe2, 0xcc, 0x31,
    0x2, 0x55, 0x20, 0x13, 0xcc, 0xf5, 0x3, 0xdf,
    0xff, 0xfd, 0x30, 0x5f, 0x60, 0x6f, 0xa2, 0x0,
    0x2a, 0xf6, 0x6, 0x2, 0xf7, 0x0, 0x83, 0x0,
    0x7f, 0x20, 0xa, 0xb0, 0x0, 0xe7, 0x0, 0xc,
    0xa0, 0xe, 0x60, 0x0, 0xe7, 0x0, 0x6, 0xe0,
    0x1f, 0x30, 0x0, 0xda, 0x0, 0x3, 0xf1, 0xf,
    0x50, 0x0, 0x5f, 0x90, 0x5, 0xf0, 0xc, 0x80,
    0x0, 0x3, 0x70, 0x9, 0xc0, 0x6, 0xf2, 0x0,
    0x0, 0x0, 0x3f, 0x50, 0x0, 0xfd, 0x30, 0x0,
    0x4, 0xee, 0x0, 0xb, 0xeb, 0xfc, 0x88, 0xcf,
    0xbe, 0xb0, 0xa, 0x20, 0x49, 0xcc, 0x93, 0x2,
    0xa0,

    /* U+F358 "" */
    0x0, 0x0, 0x1, 0x33, 0x10, 0x0, 0x0, 0x0,
    0x2, 0xbf, 0xff, 0xfb, 0x20, 0x0, 0x0, 0x7f,
    0xb5, 0x22, 0x5b, 0xf7, 0x0, 0x6, 0xf6, 0x0,
    0x0, 0x0, 0x6f, 0x60, 0x1f, 0x70, 0x0, 0xa9,
    0x0, 0x7, 0xf1, 0x9d, 0x0, 0x0, 0xed, 0x0,
    0x0, 0xd9, 0xd9, 0x0, 0x0, 0xed, 0x0, 0x0,
    0x9d, 0xf6, 0x0, 0x22, 0xed, 0x22, 0x0, 0x6f,
    0xe7, 0x2, 0xff, 0xff, 0xfe, 0x10, 0x7e, 0xca,
    0x0, 0x3f, 0xff, 0xe2, 0x0, 0xac, 0x6f, 0x10,
    0x3, 0xee, 0x20, 0x1, 0xf6, 0xc, 0xb0, 0x0,
    0x21, 0x0, 0xb, 0xc0, 0x2, 0xfc, 0x20, 0x0,
    0x2, 0xcf, 0x20, 0x0, 0x2c, 0xfc, 0x88, 0xcf,
    0xc2, 0x0, 0x0, 0x0, 0x5a, 0xcc, 0xa5, 0x0,
    0x0,

    /* U+F359 "" */
    0x0, 0x0, 0x1, 0x33, 0x10, 0x0, 0x0, 0x0,
    0x2, 0xbf, 0xff, 0xfb, 0x20, 0x0, 0x0, 0x7f,
    0xb5, 0x22, 0x5b, 0xf7, 0x0, 0x6, 0xf6, 0x0,
    0x0, 0x0, 0x6f, 0x60, 0x1f, 0x70, 0x0, 0x40,
    0x0, 0x7, 0xf1, 0x9d, 0x0, 0x8, 0xf0, 0x0,
    0x0, 0xd9, 0xd9, 0x0, 0x8f, 0xf0, 0x0, 0x0,
    0x9d, 0xf6, 0x7, 0xff, 0xff, 0xff, 0x60, 0x6f,
    0xe7, 0x4, 0xff, 0xfb, 0xbb, 0x30, 0x7e, 0xca,
    0x0, 0x4f, 0xf0, 0x0, 0x0, 0xac, 0x6f, 0x10,
    0x4, 0xe0, 0x0, 0x1, 0xf6, 0xc, 0xb0, 0x0,
    0x0, 0x0, 0xb, 0xc0, 0x2, 0xfc, 0x20, 0x0,
    0x2, 0xcf, 0x20, 0x0, 0x2c, 0xfc, 0x88, 0xcf,
    0xc2, 0x0, 0x0, 0x0, 0x5a, 0xcc, 0xa5, 0x0,
    0x0,

    /* U+F35A "" */
    0x0, 0x0, 0x1, 0x33, 0x10, 0x0, 0x0, 0x0,
    0x2, 0xbf, 0xff, 0xfb, 0x20, 0x0, 0x0, 0x7f,
    0xb5, 0x22, 0x5b, 0xf7, 0x0, 0x6, 0xf6, 0x0,
    0x0, 0x0, 0x6f, 0x60, 0x1f, 0x70, 0x0, 0x4,
    0x0, 0x7, 0xf1, 0x9d, 0x0, 0x0, 0xf, 0x80,
    0x0, 0xd9, 0xd9, 0x0, 0x0, 0xf, 0xf8, 0x0,
    0x9d, 0xf6, 0x6, 0xff, 0xff, 0xff, 0x70, 0x6f,
    0xe7, 0x3, 0xbb, 0xbf, 0xff, 0x30, 0x7e, 0xca,
    0x0, 0x0, 0xf, 0xf3, 0x0, 0xac, 0x6f, 0x10,
    0x0, 0xe, 0x30, 0x1, 0xf6, 0xc, 0xb0, 0x0,
    0x0, 0x0, 0xb, 0xc0, 0x2, 0xfc, 0x20, 0x0,
    0x2, 0xcf, 0x20, 0x0, 0x2c, 0xfc, 0x88, 0xcf,
    0xc2, 0x0, 0x0, 0x0, 0x5a, 0xcc, 0xa5, 0x0,
    0x0,

    /* U+F35B "" */
    0x0, 0x0, 0x1, 0x33, 0x10, 0x0, 0x0, 0x0,
    0x2, 0xbf, 0xff, 0xfb, 0x20, 0x0, 0x0, 0x7f,
    0xb5, 0x22, 0x5b, 0xf7, 0x0, 0x6, 0xf6, 0x0,
    0x0, 0x0, 0x6f, 0x60, 0x1f, 0x70, 0x0, 0xa8,
    0x0, 0x7, 0xf1, 0x9d, 0x0, 0xa, 0xff, 0x90,
    0x0, 0xd9, 0xd9, 0x0, 0xaf, 0xff, 0xf9, 0x0,
    0x9d, 0xf6, 0x2, 0xbb, 0xff, 0xbb, 0x10, 0x6f,
    0xe7, 0x0, 0x0, 0xed, 0x0, 0x0, 0x7e, 0xca,
    0x0, 0x0, 0xed, 0x0, 0x0, 0xac, 0x6f, 0x10,
    0x0, 0xec, 0x0, 0x1, 0xf6, 0xc, 0xb0, 0x0,
    0x21, 0x0, 0xb, 0xc0, 0x2, 0xfc, 0x20, 0x0,
    0x2, 0xcf, 0x20, 0x0, 0x2c, 0xfc, 0x88, 0xcf,
    0xc2, 0x0, 0x0, 0x0, 0x5a, 0xcc, 0xa5, 0x0,
    0x0,

    /* U+F3A5 "" */
    0x0, 0x0, 0x36, 0x66, 0x66, 0x63, 0x0, 0x0,
    0x0, 0x4, 0xff, 0xff, 0xff, 0xff, 0x40, 0x0,
    0x0, 0x1e, 0xef, 0x30, 0x3, 0xfd, 0xe1, 0x0,
    0x0, 0xbc, 0xa, 0xf3, 0x3f, 0x90, 0xcb, 0x0,
    0x7, 0xf7, 0x55, 0xee, 0xee, 0x55, 0x7f, 0x70,
    0xe, 0xff, 0xff, 0xff, 0xff, 0xff, 0xff, 0xe0,
    0x4, 0xf9, 0x0, 0x0, 0x0, 0x0, 0x9f, 0x40,
    0x0, 0x5f, 0x80, 0x0, 0x0, 0x8, 0xf5, 0x0,
    0x0, 0x7, 0xf6, 0x0, 0x0, 0x6f, 0x70, 0x0,
    0x0, 0x0, 0x8f, 0x40, 0x4, 0xf8, 0x0, 0x0,
    0x0, 0x0, 0xa, 0xf3, 0x3f, 0xa0, 0x0, 0x0,
    0x0, 0x0, 0x0, 0xbe, 0xeb, 0x0, 0x0, 0x0,
    0x0, 0x0, 0x0, 0xc, 0xc0, 0x0, 0x0, 0x0,
    0x0, 0x0, 0x0, 0x0, 0x0, 0x0, 0x0, 0x0,

    /* U+F3D1 "" */
    0x17, 0x88, 0x88, 0x88, 0x88, 0x88, 0x71, 0xcf,
    0xfd, 0xdd, 0xdd, 0xdd, 0xdf, 0xfc, 0xff, 0xd0,
    0x0, 0x33, 0x0, 0xd, 0xff, 0xfa, 0x20, 0x2d,
    0xff, 0xd2, 0x2, 0xaf, 0xf5, 0x0, 0xbf, 0x27,
    0xfb, 0x0, 0x5f, 0xf5, 0x0, 0xff, 0x77, 0xff,
    0x0, 0x5f, 0xf5, 0x0, 0xee, 0x22, 0xee, 0x0,
    0x5f, 0xf5, 0x0, 0x7f, 0xaa, 0xf7, 0x0, 0x5f,
    0xff, 0x70, 0x5, 0xbb, 0x50, 0x7, 0xff, 0xff,
    0xf5, 0x55, 0x55, 0x55, 0x5f, 0xff, 0x6f, 0xff,
    0xff, 0xff, 0xff, 0xff, 0xf6,

    /* U+F406 "" */
    0x0, 0x0, 0x1, 0x20, 0x0, 0x0, 0x0, 0x0,
    0x2c, 0xff, 0xd3, 0x0, 0x0, 0x0, 0xc, 0xc3,
    0x2a, 0xe1, 0x0, 0x0, 0x3, 0xf2, 0x0, 0xe,
    0x60, 0x0, 0x0, 0x5f, 0x0, 0x0, 0xd7, 0x0,
    0x0, 0x2, 0xf5, 0x0, 0x2f, 0x40, 0x0, 0x0,
    0x8, 0xf9, 0x8e, 0xb0, 0x0, 0x0, 0x0, 0x6,
    0xbc, 0x70, 0x0, 0x0, 0x0, 0x0, 0x0, 0x0,
    0x0, 0x0, 0x0, 0x4, 0xae, 0xff, 0xeb, 0x60,
    0x0, 0x8, 0xfa, 0x65, 0x56, 0x9f, 0xc0, 0x4,
    0xf5, 0x0, 0x0, 0x0, 0x2e, 0x80, 0xba, 0x0,
    0x0, 0x0, 0x0, 0x6f, 0xe, 0x60, 0x0, 0x0,
    0x0, 0x2, 0xf2, 0x92, 0x0, 0x0, 0x0, 0x0,
    0x9, 0x10,

    /* U+F410 "" */
    0x4, 0x55, 0x55, 0x55, 0x55, 0x55, 0x40, 0xbf,
    0xff, 0xff, 0xff, 0xff, 0xff, 0xfb, 0xf6, 0x0,
    0x0, 0x0, 0x0, 0x0, 0x6f, 0xf5, 0x0, 0x7,
    0x0, 0x62, 0x0, 0x5f, 0xf5, 0x0, 0xe, 0xc8,
    0xf4, 0x0, 0x5f, 0xf5, 0x0, 0x2, 0xff, 0x60,
    0x0, 0x5f, 0xf5, 0x0, 0x8, 0xfe, 0xc0, 0x0,
    0x5f, 0xf5, 0x0, 0x1f, 0x52, 0xe5, 0x0, 0x5f,
    0xf5, 0x0, 0x0, 0x0, 0x0, 0x0, 0x5f, 0xf9,
    0x55, 0x55, 0x55, 0x55, 0x55, 0x9f, 0x6f, 0xff,
    0xff, 0xff, 0xff, 0xff, 0xf6,

    /* U+F425 "" */
    0x0, 0x0, 0x0, 0x0, 0x0, 0x0, 0x0, 0x4e,
    0xa0, 0x0, 0x0, 0x0, 0x0, 0x0, 0x9f, 0xf1,
    0x0, 0x0, 0x0, 0x0, 0x0, 0x3f, 0xe6, 0x66,
    0x66, 0x66, 0x66, 0x61, 0x1f, 0xee, 0xee, 0xee,
    0xee, 0xee, 0xf7, 0x1f, 0x20, 0x0, 0x0, 0x0,
    0x5, 0xf1, 0x1f, 0x20, 0x0, 0x0, 0x0, 0xc,
    0xa0, 0x1f, 0x20, 0x0, 0x0, 0x0, 0x3f, 0x20,
    0x1f, 0x20, 0x0, 0x0, 0x0, 0x6e, 0x0, 0x1f,
    0x20, 0x0, 0x0, 0x0, 0x1f, 0x50, 0x1f, 0x20,
    0x0, 0x0, 0x0, 0x9, 0xd0, 0x1f, 0x74, 0x44,
    0x44, 0x44, 0x47, 0xf4, 0x1f, 0xff, 0xff, 0xff,
    0xff, 0xff, 0xf6, 0x1f, 0x20, 0x0, 0x0, 0x0,
    0x0, 0x0, 0x1b, 0x20, 0x0, 0x0, 0x0, 0x0,
    0x0,

    /* U+F43A "" */
    0x0, 0x14, 0x43, 0x0, 0x0, 0xb, 0xff, 0xf6,
    0x0, 0x0, 0x2f, 0xfd, 0x0, 0x0, 0xd, 0xc2,
    0xea, 0x0, 0xb, 0xe1, 0x3, 0xf7, 0x5, 0xf2,
    0x0, 0x5f, 0xf2, 0xca, 0x0, 0x3f, 0x9d, 0x8f,
    0x50, 0x1, 0x60, 0x9b, 0xd7, 0x0, 0x0, 0xb,
    0x99, 0xd0, 0x0, 0x2, 0xf5, 0x1e, 0xa6, 0x66,
    0xdc, 0x0, 0xaf, 0xee, 0xef, 0x70, 0x6f, 0x40,
    0x0, 0x7f, 0x3e, 0xb5, 0x55, 0x55, 0xea, 0x8e,
    0xff, 0xff, 0xfe, 0x40,

    /* U+F43F "" */
    0x0, 0x0, 0x0, 0x10, 0x0, 0x0, 0x0, 0x0,
    0x0, 0x7b, 0x0, 0x0, 0x0, 0x0, 0x1, 0x5b,
    0xd5, 0x20, 0x0, 0x0, 0x0, 0x5f, 0xff, 0xf9,
    0x0, 0x0, 0x0, 0x0, 0x8, 0xc0, 0x0, 0x0,
    0x0, 0x0, 0x0, 0x8c, 0x0, 0x0, 0x0, 0x9f,
    0xff, 0xff, 0xff, 0xff, 0xfd, 0xe, 0xc5, 0x55,
    0x55, 0x55, 0x59, 0xf2, 0x7f, 0x10, 0x0, 0x0,
    0x0, 0xdb, 0x0, 0xe9, 0x0, 0x0, 0x0, 0x5f,
    0x20, 0x6, 0xf1, 0x0, 0x0, 0xd, 0xa0, 0x0,
    0xd, 0xb6, 0x66, 0x68, 0xf2, 0x0, 0x0, 0xcf,
    0xee, 0xee, 0xee, 0x10, 0x0, 0x8f, 0x20, 0x0,
    0x0, 0xdc, 0x0, 0xf, 0xa5, 0x55, 0x55, 0x58,
    0xf4, 0x0, 0x9f, 0xff, 0xff, 0xff, 0xfc, 0x10,

    /* U+F441 "" */
    0x0, 0x0, 0x22, 0x10, 0x0, 0x0, 0x0, 0xd,
    0xff, 0xfe, 0xa1, 0x0, 0x0, 0xe, 0x83, 0x36,
    0xcf, 0x40, 0x0, 0x8f, 0x32, 0x0, 0x9, 0xe1,
    0x5, 0xf5, 0x4c, 0x0, 0x0, 0xd8, 0x2f, 0x70,
    0x0, 0x0, 0x0, 0x9b, 0x8d, 0x0, 0x0, 0x0,
    0x0, 0x6e, 0x5f, 0x8c, 0xff, 0xc0, 0x0, 0x6e,
    0x8, 0xeb, 0xcf, 0x60, 0x0, 0x6e, 0x0, 0x8,
    0xf5, 0x0, 0x0, 0x6e, 0x0, 0x6f, 0x50, 0x0,
    0x0, 0xab, 0x0, 0xbb, 0x33, 0x33, 0x38, 0xf4,
    0x0, 0xef, 0xff, 0xff, 0xff, 0x80, 0xa, 0xe2,
    0x22, 0x22, 0x2a, 0xe1, 0xf, 0xa5, 0x55, 0x55,
    0x56, 0xf6, 0x9, 0xff, 0xff, 0xff, 0xff, 0xd2,

    /* U+F443 "" */
    0x0, 0x0, 0x1, 0x0, 0x0, 0x0, 0x0, 0x8f,
    0xfd, 0x30, 0x0, 0x0, 0x8f, 0x64, 0xbe, 0x10,
    0x0, 0xe, 0x70, 0x0, 0xe6, 0x0, 0x0, 0xf5,
    0x0, 0xd, 0x70, 0x0, 0xb, 0xc1, 0x6, 0xf3,
    0x0, 0x0, 0x9f, 0xfe, 0xff, 0x10, 0x0, 0x5,
    0xf8, 0x7c, 0xc0, 0x0, 0x0, 0x4f, 0x0, 0x8c,
    0x0, 0x0, 0x7, 0xe0, 0x6, 0xf0, 0x0, 0x0,
    0x9b, 0x0, 0x3f, 0x10, 0x0, 0xc, 0xc6, 0x67,
    0xf3, 0x0, 0x4, 0xfe, 0xee, 0xef, 0xc0, 0x1,
    0xeb, 0x0, 0x0, 0x3f, 0x80, 0x7f, 0x65, 0x55,
    0x55, 0xbf, 0x2, 0xdf, 0xff, 0xff, 0xff, 0x80,

    /* U+F445 "" */
    0x0, 0x0, 0x0, 0x12, 0x0, 0x0, 0x0, 0x0,
    0x0, 0x0, 0xef, 0x0, 0x0, 0x0, 0x0, 0x0,
    0x0, 0x99, 0x0, 0x0, 0x0, 0x0, 0x0, 0xa7,
    0x0, 0x7a, 0x0, 0x0, 0x36, 0x4c, 0xef, 0xcc,
    0xfe, 0xc5, 0x64, 0x9f, 0xfc, 0x22, 0x89, 0x22,
    0xcf, 0xfa, 0x2f, 0x60, 0x0, 0x0, 0x0, 0x6,
    0xf3, 0x9, 0xe0, 0x0, 0x0, 0x0, 0xd, 0xa0,
    0x1, 0xf7, 0x0, 0x0, 0x0, 0x6f, 0x20, 0x0,
    0x8e, 0x0, 0x0, 0x0, 0xe8, 0x0, 0x0, 0xe,
    0xa6, 0x66, 0x6a, 0xf1, 0x0, 0x0, 0xd, 0xfe,
    0xee, 0xef, 0xd0, 0x0, 0x0, 0x9f, 0x20, 0x0,
    0x1, 0xe9, 0x0, 0x2, 0xfa, 0x55, 0x55, 0x55,
    0xaf, 0x20, 0x0, 0xcf, 0xff, 0xff, 0xff, 0xfc,
    0x0,

    /* U+F447 "" */
    0x14, 0x44, 0x44, 0x44, 0x43, 0xe, 0xff, 0xff,
    0xff, 0xff, 0xf6, 0xf5, 0x1e, 0x61, 0xd7, 0x1d,
    0x8f, 0x50, 0x30, 0x3, 0x10, 0xd8, 0xf5, 0x0,
    0x0, 0x0, 0xd, 0x8f, 0x50, 0x0, 0x0, 0x0,
    0xd7, 0xae, 0x10, 0x0, 0x0, 0x7f, 0x21, 0xe8,
    0x0, 0x0, 0x1f, 0x70, 0xb, 0xa0, 0x0, 0x2,
    0xf3, 0x0, 0xba, 0x0, 0x0, 0x2f, 0x30, 0xb,
    0xc6, 0x66, 0x67, 0xf3, 0x0, 0xee, 0xee, 0xee,
    0xef, 0x70, 0x9e, 0x0, 0x0, 0x0, 0x7f, 0x1e,
    0xa5, 0x55, 0x55, 0x56, 0xf6, 0x7e, 0xff, 0xff,
    0xff, 0xfc, 0x20,

    /* U+F45C "" */
    0x3, 0x33, 0x33, 0x33, 0x33, 0x33, 0x30, 0x9f,
    0xff, 0xff, 0xff, 0xff, 0xff, 0xf9, 0xf7, 0x0,
    0x0, 0x0, 0x0, 0x0, 0x7f, 0xf4, 0x0, 0x0,
    0x0, 0x0, 0x0, 0x4f, 0xf4, 0x0, 0x0, 0x0,
    0x0, 0x0, 0x4f, 0xf4, 0x0, 0x0, 0x0, 0x0,
    0x0, 0x4f, 0xf4, 0x0, 0x0, 0x0, 0x0, 0x0,
    0x4f, 0xf4, 0x0, 0x0, 0x0, 0x0, 0x0, 0x4f,
    0xf4, 0x0, 0x0, 0x0, 0x0, 0x0, 0x4f, 0xf4,
    0x0, 0x0, 0x0, 0x0, 0x0, 0x4f, 0xf4, 0x0,
    0x0, 0x0, 0x0, 0x0, 0x4f, 0xf4, 0x0, 0x0,
    0x0, 0x0, 0x0, 0x4f, 0xf4, 0x0, 0x0, 0x0,
    0x0, 0x0, 0x4f, 0xea, 0x55, 0x55, 0x55, 0x55,
    0x55, 0xae, 0x5e, 0xff, 0xff, 0xff, 0xff, 0xff,
    0xe5,

    /* U+F47D "" */
    0x0, 0x0, 0x23, 0x33, 0x33, 0x31, 0x0, 0x0,
    0x0, 0x6, 0xff, 0xff, 0xff, 0xff, 0x40, 0x0,
    0x0, 0xc, 0xa0, 0x0, 0x0, 0x1b, 0xa0, 0x0,
    0x1, 0x2d, 0x80, 0x9, 0x50, 0x9, 0xb2, 0x10,
    0x8f, 0xff, 0x70, 0x7e, 0xc5, 0x8, 0xff, 0xf7,
    0xf8, 0x11, 0x0, 0xbf, 0xe9, 0x0, 0x11, 0x9e,
    0xf4, 0x1, 0x0, 0xb, 0x70, 0x0, 0x10, 0x6e,
    0xf4, 0x3f, 0x70, 0x0, 0x0, 0x9, 0xf1, 0x6e,
    0xf4, 0x8, 0x30, 0x0, 0x0, 0x4, 0x80, 0x6e,
    0xf4, 0x19, 0x30, 0x0, 0x0, 0x4, 0x80, 0x6e,
    0xf4, 0x3f, 0x70, 0x6, 0x50, 0x9, 0xf1, 0x6e,
    0xf4, 0x1, 0x0, 0x6f, 0xf2, 0x0, 0x10, 0x6e,
    0xf4, 0x0, 0x0, 0x6f, 0xf2, 0x0, 0x0, 0x6e,
    0xea, 0x55, 0x55, 0xaf, 0xf7, 0x55, 0x55, 0xbd,
    0x5e, 0xff, 0xff, 0xff, 0xff, 0xff, 0xff, 0xd4,

    /* U+F4AD "" */
    0x0, 0x0, 0x1, 0x33, 0x10, 0x0, 0x0, 0x0,
    0x3, 0xcf, 0xff, 0xfc, 0x30, 0x0, 0x0, 0x9f,
    0xa5, 0x22, 0x5a, 0xf9, 0x0, 0x8, 0xe4, 0x0,
    0x0, 0x0, 0x4e, 0x80, 0x4f, 0x50, 0x0, 0x0,
    0x0, 0x5, 0xf4, 0xbb, 0x0, 0x0, 0x0, 0x0,
    0x0, 0xbb, 0xe7, 0x5, 0x40, 0x55, 0x4, 0x50,
    0x7e, 0xf5, 0xc, 0xa0, 0xbb, 0xa, 0xc0, 0x6f,
    0xc8, 0x0, 0x0, 0x0, 0x0, 0x0, 0x9d, 0x8d,
    0x0, 0x0, 0x0, 0x0, 0x0, 0xd9, 0x1e, 0x70,
    0x0, 0x0, 0x0, 0x9, 0xe1, 0xb, 0xa0, 0x0,
    0x0, 0x1, 0xaf, 0x40, 0x4f, 0x9c, 0xdb, 0x88,
    0xbf, 0xd3, 0x0, 0xcf, 0xfa, 0x6b, 0xdd, 0xb6,
    0x0, 0x0, 0x97, 0x10, 0x0, 0x0, 0x0, 0x0,
    0x0,

    /* U+F4C6 "" */
    0x1, 0x0, 0x0, 0x0, 0x0, 0x0, 0x0, 0x1,
    0x0, 0xfa, 0x11, 0x45, 0x55, 0x55, 0x52, 0x4,
    0xe8, 0x3, 0xde, 0xef, 0xff, 0xff, 0xff, 0xfc,
    0xf9, 0x0, 0x0, 0x98, 0x6, 0xf8, 0x0, 0x4,
    0xb4, 0x0, 0x0, 0x0, 0x6, 0xf6, 0x2, 0x30,
    0x0, 0x0, 0x0, 0x0, 0x5, 0xf6, 0x3, 0xff,
    0x40, 0x0, 0x0, 0x0, 0x0, 0x7f, 0xa9, 0xfb,
    0x9f, 0x40, 0x0, 0x2, 0xa1, 0x0, 0x6c, 0xc6,
    0x0, 0x9f, 0x50, 0x68, 0x1d, 0xd1, 0x0, 0x0,
    0x0, 0x0, 0x9f, 0x7f, 0x70, 0x1d, 0xd1, 0x0,
    0x0, 0x1, 0x30, 0xff, 0x70, 0x0, 0x1d, 0xd1,
    0x2, 0x40, 0x5f, 0xaf, 0x70, 0x0, 0x0, 0x1d,
    0xe5, 0x6f, 0x63, 0xdf, 0x70, 0x0, 0x0, 0x0,
    0x9, 0xff, 0xff, 0xfd, 0x40, 0x0, 0x0, 0x0,
    0x0, 0x0, 0x34, 0x42, 0x0, 0x0, 0x0,

    /* U+F4DA "" */
    0x0, 0x0, 0x1, 0x33, 0x10, 0x0, 0x0, 0x0,
    0x2, 0xbf, 0xff, 0xfb, 0x20, 0x0, 0x0, 0x7f,
    0xb5, 0x22, 0x5b, 0xf7, 0x0, 0x6, 0xf6, 0x0,
    0x0, 0x0, 0x6f, 0x60, 0x1f, 0x70, 0x0, 0x0,
    0x1, 0x7, 0xf1, 0x9d, 0x0, 0x54, 0x2, 0xef,
    0x90, 0xd9, 0xd9, 0x0, 0xda, 0x7, 0x91, 0xe0,
    0x9d, 0xf6, 0x0, 0x0, 0x0, 0x0, 0x10, 0x6f,
    0xe7, 0x0, 0x0, 0x0, 0x0, 0x0, 0x7e, 0xca,
    0x0, 0x81, 0x0, 0x7, 0x10, 0xac, 0x6f, 0x10,
    0xde, 0x98, 0xde, 0x21, 0xf6, 0xc, 0xb0, 0x7,
    0xbc, 0x81, 0xb, 0xc0, 0x2, 0xfc, 0x20, 0x0,
    0x2, 0xcf, 0x20, 0x0, 0x2c, 0xfc, 0x88, 0xcf,
    0xc2, 0x0, 0x0, 0x0, 0x5a, 0xdc, 0xa5, 0x0,
    0x0,

    /* U+F4E6 "" */
    0x0, 0x0, 0x0, 0x0, 0x0, 0x0, 0x0, 0x4e,
    0xa0, 0x0, 0x0, 0x0, 0x0, 0x0, 0x9f, 0xf1,
    0x0, 0x0, 0x0, 0x0, 0x0, 0x3f, 0xe6, 0x66,
    0x66, 0x66, 0x66, 0x61, 0x1f, 0xee, 0xee, 0xee,
    0xee, 0xee, 0xf7, 0x1f, 0x20, 0x0, 0x0, 0x0,
    0x5, 0xf1, 0x1f, 0x20, 0x0, 0x0, 0x0, 0xc,
    0xa0, 0x1f, 0x20, 0x0, 0x0, 0x0, 0x3f, 0x20,
    0x1f, 0x20, 0x0, 0x0, 0x0, 0x6e, 0x0, 0x1f,
    0x20, 0x0, 0x0, 0x0, 0x1f, 0x50, 0x1f, 0x20,
    0x0, 0x0, 0x0, 0x9, 0xd0, 0x1f, 0x74, 0x44,
    0x44, 0x44, 0x47, 0xf4, 0x1f, 0xff, 0xff, 0xff,
    0xff, 0xff, 0xf6, 0x1f, 0x20, 0x0, 0x0, 0x0,
    0x0, 0x0, 0x1b, 0x20, 0x0, 0x0, 0x0, 0x0,
    0x0,

    /* U+F556 "" */
    0x0, 0x0, 0x1, 0x33, 0x10, 0x0, 0x0, 0x0,
    0x2, 0xbf, 0xff, 0xfb, 0x20, 0x0, 0x0, 0x7f,
    0xb5, 0x22, 0x5b, 0xf7, 0x0, 0x6, 0xf6, 0x0,
    0x0, 0x0, 0x6f, 0x60, 0x1f, 0x70, 0x0, 0x0,
    0x0, 0x7, 0xf1, 0x9d, 0x7, 0x30, 0x0, 0x3,
    0x70, 0xd9, 0xd9, 0x8, 0xfe, 0x55, 0xef, 0x80,
    0x9d, 0xf6, 0x0, 0xeb, 0x33, 0xbe, 0x0, 0x6f,
    0xe7, 0x0, 0x10, 0x0, 0x1, 0x0, 0x7e, 0xca,
    0x0, 0x1, 0x55, 0x10, 0x0, 0xac, 0x6f, 0x10,
    0x3e, 0xff, 0xe4, 0x1, 0xf6, 0xc, 0xb0, 0x99,
    0x0, 0x99, 0xb, 0xc0, 0x2, 0xfc, 0x20, 0x0,
    0x2, 0xcf, 0x20, 0x0, 0x2c, 0xfc, 0x88, 0xcf,
    0xc2, 0x0, 0x0, 0x0, 0x5a, 0xcc, 0xa5, 0x0,
    0x0,

    /* U+F567 "" */
    0x0, 0x0, 0x1, 0x33, 0x10, 0x0, 0x0, 0x0,
    0x2, 0xbf, 0xff, 0xfb, 0x20, 0x0, 0x0, 0x7f,
    0xb5, 0x22, 0x5b, 0xf7, 0x0, 0x6, 0xf6, 0x0,
    0x0, 0x0, 0x6f, 0x60, 0x1f, 0x71, 0x1, 0x0,
    0x10, 0x17, 0xf1, 0x9d, 0x2f, 0x9d, 0x0, 0xd9,
    0xe2, 0xd9, 0xd9, 0xa, 0xf6, 0x0, 0x6f, 0xa0,
    0x9d, 0xf6, 0x2e, 0x7e, 0x0, 0xd7, 0xe2, 0x6f,
    0xe7, 0x0, 0x0, 0x34, 0x0, 0x0, 0x7e, 0xca,
    0x0, 0x6, 0xff, 0x70, 0x0, 0xac, 0x6f, 0x10,
    0xa, 0xff, 0xb0, 0x1, 0xf6, 0xc, 0xb0, 0x4,
    0xff, 0x40, 0xb, 0xc0, 0x2, 0xfc, 0x20, 0x0,
    0x2, 0xcf, 0x20, 0x0, 0x2c, 0xfc, 0x88, 0xcf,
    0xc2, 0x0, 0x0, 0x0, 0x5a, 0xdc, 0xa5, 0x0,
    0x0,

    /* U+F579 "" */
    0x0, 0x0, 0x1, 0x33, 0x10, 0x0, 0x0, 0x0,
    0x2, 0xbf, 0xff, 0xfb, 0x20, 0x0, 0x0, 0x7f,
    0xb5, 0x22, 0x5b, 0xf7, 0x0, 0x6, 0xf6, 0x0,
    0x0, 0x0, 0x6f, 0x60, 0x1f, 0x70, 0x10, 0x0,
    0x1, 0x7, 0xf1, 0x9d, 0x3e, 0xdc, 0x1, 0xcd,
    0xd3, 0xd9, 0xd9, 0xb5, 0x88, 0x68, 0x78, 0x5b,
    0x9d, 0xf6, 0xb6, 0x79, 0x68, 0x87, 0x6a, 0x6f,
    0xe7, 0x2d, 0xea, 0x1, 0xbe, 0xd2, 0x7e, 0xca,
    0x0, 0x0, 0x0, 0x0, 0x0, 0xac, 0x6f, 0x10,
    0x16, 0x66, 0x60, 0x1, 0xf6, 0xc, 0xb0, 0x3e,
    0xee, 0xe3, 0xb, 0xc0, 0x2, 0xfc, 0x20, 0x0,
    0x2, 0xcf, 0x20, 0x0, 0x2c, 0xfc, 0x88, 0xcf,
    0xc2, 0x0, 0x0, 0x0, 0x5a, 0xcc, 0xa5, 0x0,
    0x0,

    /* U+F57A "" */
    0x0, 0x0, 0x1, 0x33, 0x10, 0x0, 0x0, 0x0,
    0x2, 0xbf, 0xff, 0xfb, 0x20, 0x0, 0x0, 0x7f,
    0xb5, 0x22, 0x5b, 0xf7, 0x0, 0x6, 0xf6, 0x0,
    0x0, 0x0, 0x6f, 0x60, 0x1f, 0x70, 0x0, 0x0,
    0x0, 0x7, 0xf1, 0x9d, 0x0, 0x63, 0x0, 0x36,
    0x0, 0xd9, 0xd9, 0x0, 0xe8, 0x0, 0x8e, 0x0,
    0x9d, 0xf6, 0x0, 0x0, 0x0, 0x0, 0x0, 0x6f,
    0xe7, 0x0, 0x0, 0x0, 0x0, 0x0, 0x7e, 0xca,
    0x0, 0x6, 0xcc, 0x60, 0x0, 0xac, 0x6f, 0x10,
    0x5f, 0xee, 0xf5, 0x1, 0xf6, 0xc, 0xb0, 0x11,
    0x0, 0x11, 0xb, 0xc0, 0x2, 0xfc, 0x20, 0x0,
    0x2, 0xcf, 0x20, 0x0, 0x2c, 0xfc, 0x88, 0xcf,
    0xc2, 0x0, 0x0, 0x0, 0x5a, 0xdc, 0xa5, 0x0,
    0x0,

    /* U+F57F "" */
    0x0, 0x0, 0x1, 0x33, 0x10, 0x0, 0x0, 0x0,
    0x2, 0xbf, 0xff, 0xfb, 0x20, 0x0, 0x0, 0x7f,
    0xb5, 0x22, 0x5b, 0xf7, 0x0, 0x6, 0xf6, 0x0,
    0x0, 0x0, 0x6f, 0x60, 0x1f, 0x70, 0x0, 0x0,
    0x0, 0x7, 0xf1, 0x9d, 0x0, 0x72, 0x0, 0x46,
    0x0, 0xd9, 0xd9, 0x0, 0xe6, 0x0, 0xae, 0x0,
    0x9d, 0xf6, 0x0, 0x0, 0x0, 0x0, 0x0, 0x6f,
    0xe7, 0x0, 0x2, 0x22, 0x20, 0x0, 0x7e, 0xca,
    0x7, 0xff, 0xff, 0xff, 0x70, 0xac, 0x6f, 0x1e,
    0xba, 0xc5, 0xf9, 0xe1, 0xf6, 0xc, 0xb7, 0xff,
    0xff, 0xff, 0x7b, 0xc0, 0x2, 0xfc, 0x22, 0x22,
    0x22, 0xcf, 0x20, 0x0, 0x2c, 0xfc, 0x88, 0xcf,
    0xc2, 0x0, 0x0, 0x0, 0x5a, 0xdc, 0xa5, 0x0,
    0x0,

    /* U+F580 "" */
    0x0, 0x0, 0x1, 0x33, 0x10, 0x0, 0x0, 0x0,
    0x2, 0xbf, 0xff, 0xfb, 0x20, 0x0, 0x0, 0x7f,
    0xb5, 0x22, 0x5b, 0xf7, 0x0, 0x6, 0xf6, 0x0,
    0x0, 0x0, 0x6f, 0x60, 0x1f, 0x70, 0x0, 0x0,
    0x0, 0x7, 0xf1, 0x9d, 0x0, 0x63, 0x0, 0x36,
    0x0, 0xd9, 0xd9, 0x0, 0xe8, 0x0, 0x8e, 0x0,
    0x9d, 0xf6, 0x0, 0x0, 0x0, 0x0, 0x0, 0x6f,
    0xe7, 0x0, 0x0, 0x0, 0x0, 0x0, 0x7e, 0xca,
    0x9, 0xec, 0x99, 0xce, 0x90, 0xac, 0x6f, 0x12,
    0xff, 0xff, 0xff, 0x21, 0xf6, 0xc, 0xb0, 0x3c,
    0xff, 0xc3, 0xb, 0xc0, 0x2, 0xfc, 0x20, 0x0,
    0x2, 0xcf, 0x20, 0x0, 0x2c, 0xfc, 0x88, 0xcf,
    0xc2, 0x0, 0x0, 0x0, 0x5a, 0xdc, 0xa5, 0x0,
    0x0,

    /* U+F581 "" */
    0x0, 0x0, 0x1, 0x33, 0x10, 0x0, 0x0, 0x0,
    0x2, 0xbf, 0xff, 0xfb, 0x20, 0x0, 0x0, 0x7f,
    0xb5, 0x22, 0x5b, 0xf7, 0x0, 0x6, 0xf6, 0x0,
    0x0, 0x0, 0x6f, 0x60, 0x1f, 0x70, 0x26, 0x0,
    0x62, 0x7, 0xf1, 0x9d, 0x0, 0x8f, 0x0, 0xf8,
    0x0, 0xd9, 0xd9, 0x0, 0x8f, 0x0, 0xf8, 0x0,
    0x9d, 0xf6, 0x0, 0x3a, 0x0, 0xa3, 0x0, 0x6f,
    0xe7, 0x0, 0x0, 0x0, 0x0, 0x0, 0x7e, 0xca,
    0x9, 0xec, 0x99, 0xce, 0x90, 0xac, 0x6f, 0x12,
    0xff, 0xff, 0xff, 0x21, 0xf6, 0xc, 0xb0, 0x3c,
    0xff, 0xc3, 0xb, 0xc0, 0x2, 0xfc, 0x20, 0x0,
    0x2, 0xcf, 0x20, 0x0, 0x2c, 0xfc, 0x88, 0xcf,
    0xc2, 0x0, 0x0, 0x0, 0x5a, 0xdc, 0xa5, 0x0,
    0x0,

    /* U+F582 "" */
    0x0, 0x0, 0x1, 0x33, 0x10, 0x0, 0x0, 0x0,
    0x2, 0xbf, 0xff, 0xfb, 0x20, 0x0, 0x0, 0x7f,
    0xb5, 0x22, 0x5b, 0xf7, 0x0, 0x6, 0xf6, 0x0,
    0x0, 0x0, 0x6f, 0x60, 0x1f, 0x70, 0x10, 0x0,
    0x1, 0x7, 0xf1, 0x9d, 0x9, 0xff, 0x53, 0xef,
    0x90, 0xd9, 0xd9, 0xf, 0x16, 0xb8, 0x81, 0xf0,
    0x9d, 0xf6, 0x1, 0x0, 0x10, 0x0, 0x10, 0x6f,
    0xe7, 0x0, 0x0, 0x0, 0x0, 0x0, 0x7e, 0xca,
    0x9, 0xec, 0x99, 0xce, 0x90, 0xac, 0x6f, 0x12,
    0xff, 0xff, 0xff, 0x21, 0xf6, 0xc, 0xb0, 0x3c,
    0xff, 0xc3, 0xb, 0xc0, 0x2, 0xfc, 0x20, 0x0,
    0x2, 0xcf, 0x20, 0x0, 0x2c, 0xfc, 0x88, 0xcf,
    0xc2, 0x0, 0x0, 0x0, 0x5a, 0xdc, 0xa5, 0x0,
    0x0,

    /* U+F583 "" */
    0x0, 0x0, 0x0, 0x13, 0x20, 0x0, 0x5, 0x0,
    0x0, 0x0, 0x4c, 0xff, 0xff, 0x90, 0x6f, 0x90,
    0x0, 0x9, 0xfa, 0x52, 0x25, 0x60, 0xff, 0xf2,
    0x0, 0x8e, 0x40, 0x0, 0x0, 0x1, 0xff, 0xf3,
    0x3, 0xf5, 0x2, 0x0, 0x1, 0x10, 0x7d, 0x80,
    0xb, 0xb0, 0xbf, 0xd1, 0x8f, 0xf7, 0x0, 0x0,
    0xf, 0x72, 0xe0, 0xc4, 0xe3, 0x3d, 0x8, 0xa0,
    0x1f, 0x40, 0x10, 0x10, 0x10, 0x1, 0x7, 0xd0,
    0xf, 0x50, 0x0, 0x0, 0x0, 0x0, 0x8, 0xc0,
    0xe, 0x80, 0xbe, 0xb9, 0x9c, 0xe7, 0xc, 0xa0,
    0x8, 0xe0, 0x4f, 0xff, 0xff, 0xe1, 0x2f, 0x50,
    0x0, 0xe9, 0x4, 0xdf, 0xfb, 0x20, 0xdb, 0x0,
    0x0, 0x4f, 0xb1, 0x1, 0x0, 0x3d, 0xe1, 0x0,
    0x0, 0x3, 0xdf, 0xb8, 0x9c, 0xfb, 0x10, 0x0,
    0x0, 0x0, 0x6, 0xbd, 0xca, 0x50, 0x0, 0x0,

    /* U+F584 "" */
    0x0, 0x0, 0x0, 0x22, 0x0, 0x0, 0x0, 0x0,
    0x0, 0x3b, 0xff, 0xff, 0xc4, 0x0, 0x0, 0x0,
    0x3, 0x31, 0x11, 0x13, 0x40, 0x0, 0x0, 0x18,
    0x45, 0x81, 0x7, 0x63, 0x82, 0x0, 0x9, 0xff,
    0xff, 0x85, 0xff, 0xff, 0xa0, 0x0, 0x6f, 0xff,
    0xf5, 0x3f, 0xff, 0xf8, 0x0, 0x70, 0xbf, 0xfa,
    0x0, 0x8f, 0xfc, 0x7, 0xf, 0x30, 0x76, 0x0,
    0x0, 0x58, 0x2, 0xf0, 0xe7, 0x0, 0x0, 0x0,
    0x0, 0x0, 0x6f, 0xc, 0xa0, 0x9e, 0xb9, 0x9b,
    0xe9, 0x9, 0xd0, 0x6f, 0x22, 0xff, 0xff, 0xff,
    0x21, 0xe7, 0x0, 0xcb, 0x3, 0xcf, 0xfc, 0x30,
    0xad, 0x0, 0x2, 0xfc, 0x20, 0x0, 0x1, 0xbf,
    0x30, 0x0, 0x2, 0xcf, 0xc8, 0x8b, 0xfc, 0x20,
    0x0, 0x0, 0x0, 0x5a, 0xcd, 0xa6, 0x0, 0x0,
    0x0,

    /* U+F585 "" */
    0x0, 0x0, 0x1, 0x33, 0x10, 0x0, 0x0, 0x0,
    0x2, 0xbf, 0xff, 0xfb, 0x20, 0x0, 0x0, 0x7f,
    0xb5, 0x22, 0x5b, 0xf7, 0x0, 0x6, 0xf6, 0x0,
    0x0, 0x0, 0x6f, 0x60, 0x1f, 0x70, 0x0, 0x0,
    0x0, 0x7, 0xf1, 0x9d, 0x8, 0xb3, 0x0, 0x3b,
    0x80, 0xd9, 0xd9, 0x0, 0xef, 0x22, 0xfe, 0x0,
    0x9d, 0xf6, 0x7, 0x92, 0x0, 0x29, 0x70, 0x6f,
    0xe7, 0x0, 0x0, 0x0, 0x0, 0x0, 0x7e, 0xca,
    0x9, 0xec, 0x99, 0xce, 0x90, 0xac, 0x6f, 0x12,
    0xff, 0xff, 0xff, 0x21, 0xf6, 0xc, 0xb0, 0x3c,
    0xff, 0xc3, 0xb, 0xc0, 0x2, 0xfc, 0x20, 0x0,
    0x2, 0xcf, 0x20, 0x0, 0x2c, 0xfc, 0x88, 0xcf,
    0xc2, 0x0, 0x0, 0x0, 0x5a, 0xdc, 0xa5, 0x0,
    0x0,

    /* U+F586 "" */
    0x0, 0x0, 0x0, 0x2, 0x20, 0x0, 0x2, 0x0,
    0x0, 0x0, 0x4b, 0xff, 0xff, 0xa0, 0x8f, 0xb0,
    0x0, 0x8, 0xfb, 0x52, 0x25, 0x80, 0xdf, 0xd0,
    0x0, 0x7f, 0x50, 0x0, 0x70, 0x0, 0xa9, 0x20,
    0x2, 0xf6, 0x0, 0x1, 0xf1, 0x0, 0x1, 0x10,
    0x8, 0xd0, 0x0, 0x6, 0xff, 0x50, 0xd, 0x80,
    0xd, 0x80, 0x0, 0x3, 0x40, 0xa, 0x8, 0xd0,
    0xe, 0x50, 0x49, 0x70, 0x0, 0x9f, 0x26, 0xe0,
    0xe, 0x63, 0xcf, 0x70, 0x6, 0xff, 0x36, 0xe0,
    0xb, 0xa0, 0xd, 0x10, 0x7f, 0xfe, 0xa, 0xb0,
    0x5, 0x80, 0x2, 0x1b, 0xff, 0xf5, 0x2f, 0x60,
    0x0, 0x12, 0x0, 0x5d, 0xfc, 0x40, 0xcc, 0x0,
    0x8, 0xfe, 0x1, 0x0, 0x0, 0x3d, 0xe2, 0x0,
    0xe, 0xfc, 0xd, 0xda, 0x9d, 0xfc, 0x10, 0x0,
    0x4, 0xa3, 0x3, 0x8a, 0xa8, 0x30, 0x0, 0x0,
    0x0, 0x0, 0x0, 0x0, 0x0, 0x0, 0x0, 0x0,

    /* U+F587 "" */
    0x0, 0x0, 0x0, 0x22, 0x0, 0x0, 0x0, 0x0,
    0x0, 0x9, 0xff, 0x90, 0x0, 0x0, 0x0, 0x7,
    0x60, 0x11, 0x6, 0x80, 0x0, 0x2, 0x6f, 0xe6,
    0x22, 0x6e, 0xf6, 0x30, 0x9, 0xff, 0xff, 0x87,
    0xff, 0xff, 0xa0, 0x20, 0xdf, 0xfb, 0x0, 0xbf,
    0xfd, 0x2, 0x90, 0xed, 0xec, 0x0, 0xce, 0xde,
    0x9, 0xc0, 0x40, 0x3, 0x0, 0x30, 0x4, 0xc,
    0xe6, 0x0, 0x0, 0x0, 0x0, 0x0, 0x5e, 0xca,
    0x9, 0xec, 0x99, 0xce, 0x90, 0xac, 0x6f, 0x12,
    0xff, 0xff, 0xff, 0x21, 0xf6, 0xc, 0xc0, 0x3c,
    0xff, 0xc3, 0xc, 0xc0, 0x2, 0xfb, 0x20, 0x0,
    0x2, 0xbf, 0x20, 0x0, 0x2c, 0xfb, 0x88, 0xbf,
    0xc2, 0x0, 0x0, 0x0, 0x5a, 0xdc, 0xa5, 0x0,
    0x0,

    /* U+F588 "" */
    0x0, 0x0, 0x0, 0x0, 0x31, 0x0, 0x0, 0x0,
    0x0, 0x0, 0x0, 0x5, 0xdf, 0xff, 0xe9, 0x10,
    0x0, 0x0, 0x0, 0x0, 0xbf, 0x94, 0x13, 0x6d,
    0xf4, 0x0, 0x0, 0x0, 0xa, 0xe3, 0x0, 0x0,
    0x0, 0x9f, 0x30, 0x0, 0x0, 0x5f, 0x30, 0x20,
    0x0, 0x10, 0xb, 0xd0, 0x0, 0x0, 0xca, 0xc,
    0xfd, 0x17, 0xff, 0x62, 0xf3, 0x0, 0x0, 0x41,
    0x4d, 0xb, 0x5e, 0x35, 0xb0, 0x42, 0x0, 0x17,
    0x80, 0x1, 0x1, 0x1, 0x0, 0x10, 0x38, 0x40,
    0xdf, 0xe0, 0x0, 0x0, 0x0, 0x0, 0x0, 0x6f,
    0xf5, 0xcf, 0x90, 0xd, 0xdb, 0x9a, 0xce, 0x50,
    0x2f, 0xf4, 0x4, 0x4, 0x6, 0xff, 0xff, 0xfd,
    0x3, 0x12, 0x30, 0x0, 0x1f, 0x70, 0x5e, 0xff,
    0xa1, 0x1e, 0x80, 0x0, 0x0, 0x5, 0xf8, 0x0,
    0x10, 0x3, 0xed, 0x0, 0x0, 0x0, 0x0, 0x4e,
    0xea, 0x78, 0xcf, 0xa0, 0x0, 0x0, 0x0, 0x0,
    0x0, 0x6b, 0xdc, 0x93, 0x0, 0x0, 0x0,

    /* U+F589 "" */
    0x0, 0x0, 0x1, 0x33, 0x10, 0x0, 0x0, 0x0,
    0x3, 0xbf, 0xff, 0xfb, 0x30, 0x0, 0x0, 0x7f,
    0xb5, 0x22, 0x5b, 0xf7, 0x0, 0x6, 0xf5, 0x0,
    0x0, 0x0, 0x5f, 0x60, 0x2f, 0x70, 0x0, 0x0,
    0x0, 0x7, 0xf2, 0x9c, 0x0, 0x63, 0x0, 0x36,
    0x0, 0xd9, 0xd8, 0x0, 0xe8, 0x0, 0x8e, 0x0,
    0x8d, 0xf5, 0x0, 0x0, 0x0, 0x0, 0x0, 0x5f,
    0xe6, 0x1, 0x10, 0x0, 0x1, 0x10, 0x6d, 0xba,
    0x9, 0xff, 0xdd, 0xff, 0x80, 0xab, 0x5f, 0x21,
    0xf8, 0x77, 0x8f, 0x12, 0xf5, 0xd, 0xc2, 0xf4,
    0x0, 0x4f, 0x2c, 0xd0, 0x2, 0xee, 0xf5, 0x0,
    0x5f, 0xee, 0x20, 0x0, 0x2b, 0xfd, 0x44, 0xdf,
    0xb2, 0x0, 0x0, 0x0, 0x3c, 0xff, 0xc3, 0x0,
    0x0, 0x0, 0x0, 0x0, 0x11, 0x0, 0x0, 0x0,

    /* U+F58A "" */
    0x0, 0x0, 0x1, 0x33, 0x10, 0x0, 0x0, 0x0,
    0x3, 0xbf, 0xff, 0xfb, 0x30, 0x0, 0x0, 0x7f,
    0xb5, 0x22, 0x5b, 0xf7, 0x0, 0x6, 0xf5, 0x0,
    0x0, 0x0, 0x5f, 0x60, 0x2f, 0x71, 0x0, 0x0,
    0x0, 0x17, 0xf2, 0x9d, 0x7, 0xd5, 0x0, 0x5d,
    0x70, 0xd9, 0xd8, 0x1, 0xee, 0x22, 0xee, 0x10,
    0x8d, 0xf5, 0x6, 0x70, 0x0, 0x7, 0x60, 0x5f,
    0xe6, 0x1, 0x10, 0x0, 0x1, 0x10, 0x6e, 0xca,
    0x9, 0xff, 0xdd, 0xff, 0x80, 0xab, 0x6f, 0x21,
    0xf8, 0x77, 0x8f, 0x12, 0xf6, 0xc, 0xc1, 0xf4,
    0x0, 0x4f, 0x1c, 0xb0, 0x2, 0xed, 0xf5, 0x0,
    0x5f, 0xde, 0x20, 0x0, 0x1a, 0xfd, 0x44, 0xdf,
    0xa1, 0x0, 0x0, 0x0, 0x49, 0xbb, 0x94, 0x0,
    0x0,

    /* U+F58B "" */
    0x0, 0x0, 0x1, 0x33, 0x10, 0x0, 0x0, 0x0,
    0x3, 0xbf, 0xff, 0xfb, 0x30, 0x0, 0x0, 0x7f,
    0xb5, 0x22, 0x5b, 0xf7, 0x0, 0x6, 0xf5, 0x0,
    0x0, 0x0, 0x5f, 0x60, 0x2f, 0x60, 0x0, 0x1,
    0x9a, 0x46, 0xf2, 0x9c, 0x3, 0x82, 0xb, 0x75,
    0xd2, 0xc9, 0xd8, 0x1f, 0x9e, 0xe, 0x5b, 0x95,
    0x8d, 0xf5, 0x26, 0x7, 0x19, 0x96, 0xd1, 0x5f,
    0xe6, 0x1, 0x20, 0x0, 0x58, 0x30, 0x6d, 0xba,
    0x7, 0xff, 0xdd, 0xff, 0x80, 0xbb, 0x5f, 0x20,
    0xf8, 0x77, 0x8f, 0x13, 0xf5, 0xd, 0xd1, 0xe3,
    0x0, 0x3f, 0x2d, 0xd0, 0x2, 0xee, 0xf5, 0x0,
    0x5f, 0xee, 0x20, 0x0, 0x2b, 0xfd, 0x44, 0xdf,
    0xb2, 0x0, 0x0, 0x0, 0x3c, 0xff, 0xc3, 0x0,
    0x0, 0x0, 0x0, 0x0, 0x11, 0x0, 0x0, 0x0,

    /* U+F58C "" */
    0x0, 0x0, 0x1, 0x33, 0x10, 0x0, 0x0, 0x0,
    0x2, 0xbf, 0xff, 0xfb, 0x20, 0x0, 0x0, 0x7f,
    0xb5, 0x22, 0x5b, 0xf7, 0x0, 0x6, 0xf6, 0x0,
    0x0, 0x0, 0x6f, 0x60, 0x1f, 0x70, 0x0, 0x0,
    0x1, 0x7, 0xf1, 0x9d, 0x0, 0x63, 0x4, 0xff,
    0x80, 0xd9, 0xd9, 0x0, 0xe8, 0xa, 0x62, 0xe0,
    0x9d, 0xf6, 0x0, 0x0, 0x1, 0x0, 0x10, 0x6f,
    0xe7, 0x0, 0x0, 0x0, 0x0, 0x0, 0x7e, 0xca,
    0x9, 0xec, 0x99, 0xce, 0x90, 0xac, 0x6f, 0x12,
    0xff, 0xff, 0xff, 0x21, 0xf6, 0xc, 0xb0, 0x3c,
    0xff, 0xc3, 0xb, 0xc0, 0x2, 0xfc, 0x20, 0x0,
    0x2, 0xcf, 0x20, 0x0, 0x2c, 0xfc, 0x88, 0xcf,
    0xc2, 0x0, 0x0, 0x0, 0x5a, 0xdc, 0xa5, 0x0,
    0x0,

    /* U+F58F "" */
    0x0, 0x0, 0x1, 0x20, 0x0, 0x0, 0x0, 0x0,
    0x9e, 0xff, 0xfb, 0x20, 0x0, 0x2, 0xee, 0x63,
    0x25, 0xcf, 0x50, 0x0, 0xdb, 0x0, 0x0, 0x0,
    0x8f, 0x20, 0x7e, 0x10, 0x0, 0x0, 0x0, 0xcb,
    0xb, 0x90, 0x0, 0x0, 0x0, 0x5, 0xf0, 0xe6,
    0x0, 0x0, 0x0, 0x0, 0x2f, 0x2f, 0x53, 0x10,
    0x0, 0x0, 0x31, 0xf3, 0xff, 0xff, 0x20, 0x0,
    0xdf, 0xff, 0x3f, 0xc2, 0xf5, 0x0, 0x1f, 0x49,
    0xf3, 0xf5, 0xe, 0x50, 0x1, 0xf2, 0x1f, 0x3f,
    0x60, 0xe5, 0x0, 0x1f, 0x22, 0xf3, 0xae, 0x8f,
    0x50, 0x1, 0xf9, 0xdd, 0x0, 0x9d, 0xb0, 0x0,
    0x8, 0xda, 0x20,

    /* U+F596 "" */
    0x0, 0x0, 0x1, 0x33, 0x10, 0x0, 0x0, 0x0,
    0x2, 0xbf, 0xff, 0xfb, 0x20, 0x0, 0x0, 0x7f,
    0xb5, 0x22, 0x5b, 0xf7, 0x0, 0x6, 0xf6, 0x0,
    0x0, 0x0, 0x6f, 0x60, 0x1f, 0x70, 0x0, 0x0,
    0x0, 0x7, 0xf1, 0x9d, 0x0, 0x31, 0x0, 0x13,
    0x0, 0xd9, 0xd9, 0x0, 0xf9, 0x0, 0x9f, 0x0,
    0x9d, 0xf6, 0x0, 0x31, 0x11, 0x14, 0x0, 0x6f,
    0xe7, 0x0, 0x0, 0x7f, 0x70, 0x0, 0x7e, 0xca,
    0x0, 0x0, 0x4d, 0x90, 0x0, 0xac, 0x6f, 0x10,
    0x0, 0x4d, 0x90, 0x1, 0xf6, 0xc, 0xb0, 0x0,
    0x8f, 0x70, 0xb, 0xc0, 0x2, 0xfc, 0x20, 0x1,
    0x2, 0xcf, 0x20, 0x0, 0x2c, 0xfc, 0x88, 0xcf,
    0xc2, 0x0, 0x0, 0x0, 0x5a, 0xdc, 0xa5, 0x0,
    0x0,

    /* U+F597 "" */
    0x0, 0x0, 0x1, 0x33, 0x10, 0x0, 0x0, 0x0,
    0x2, 0xbf, 0xff, 0xfb, 0x20, 0x0, 0x0, 0x7f,
    0xb5, 0x22, 0x5b, 0xf7, 0x0, 0x6, 0xf6, 0x0,
    0x0, 0x0, 0x6f, 0x60, 0x1f, 0x70, 0x10, 0x0,
    0x1, 0x7, 0xf1, 0x9d, 0x9, 0xff, 0x53, 0xef,
    0x90, 0xd9, 0xd9, 0xf, 0x16, 0xb8, 0x81, 0xf0,
    0x9d, 0xf6, 0x1, 0x0, 0x10, 0x0, 0x10, 0x6f,
    0xe7, 0x0, 0x0, 0x8c, 0x30, 0x0, 0x7e, 0xca,
    0x0, 0x0, 0xc, 0xa0, 0x0, 0xac, 0x6f, 0x10,
    0x0, 0x8f, 0x80, 0x1, 0xf6, 0xc, 0xb0, 0x0,
    0x2c, 0xa0, 0xb, 0xc0, 0x2, 0xfc, 0x20, 0x79,
    0x22, 0xcf, 0x20, 0x0, 0x2c, 0xfc, 0x88, 0xcf,
    0xc2, 0x0, 0x0, 0x0, 0x5a, 0xdc, 0xa5, 0x0,
    0x0,

    /* U+F598 "" */
    0x0, 0x0, 0x0, 0x13, 0x20, 0x0, 0x0, 0x0,
    0x0, 0x0, 0x0, 0x4c, 0xff, 0xff, 0xb2, 0x0,
    0x0, 0x0, 0x0, 0x9, 0xfa, 0x52, 0x26, 0xcf,
    0x60, 0x0, 0x0, 0x0, 0x8e, 0x40, 0x0, 0x0,
    0x6, 0xf5, 0x0, 0x0, 0x3, 0xf5, 0x0, 0x0,
    0x0, 0x10, 0x8e, 0x10, 0x0, 0xb, 0xb0, 0x7,
    0x20, 0x4f, 0xf6, 0xe, 0x70, 0x0, 0xf, 0x70,
    0x1f, 0x60, 0xb5, 0x3d, 0xa, 0xc0, 0x0, 0x1f,
    0x40, 0x0, 0x0, 0x10, 0x1, 0x4, 0xa0, 0x0,
    0xf, 0x50, 0x0, 0xb, 0xd3, 0x0, 0x0, 0x0,
    0x0, 0xe, 0x80, 0x0, 0x0, 0xe8, 0x1, 0xcf,
    0x60, 0x0, 0x8, 0xe0, 0x0, 0xa, 0xf6, 0x5,
    0xff, 0xe8, 0x50, 0x0, 0xe9, 0x0, 0x3, 0xe8,
    0x5, 0xff, 0xff, 0xf3, 0x0, 0x4f, 0xb1, 0x8,
    0x81, 0x2, 0xff, 0xff, 0xf4, 0x0, 0x3, 0xdf,
    0xb8, 0x8b, 0xc0, 0xcf, 0xff, 0x80, 0x0, 0x0,
    0x6, 0xbd, 0xca, 0x50, 0x17, 0x51, 0x0,

    /* U+F599 "" */
    0x0, 0x0, 0x1, 0x33, 0x10, 0x0, 0x0, 0x0,
    0x2, 0xbf, 0xff, 0xfb, 0x20, 0x0, 0x0, 0x7f,
    0xb5, 0x22, 0x5b, 0xf7, 0x0, 0x6, 0xf6, 0x0,
    0x0, 0x0, 0x6f, 0x60, 0x1f, 0x70, 0x0, 0x0,
    0x0, 0x7, 0xf1, 0x9d, 0x0, 0xb6, 0x0, 0x6b,
    0x0, 0xd9, 0xd9, 0x0, 0xb6, 0x0, 0x6b, 0x0,
    0x9d, 0xf6, 0x0, 0x0, 0x0, 0x0, 0x0, 0x6f,
    0xe7, 0x4, 0x77, 0x77, 0x77, 0x40, 0x7e, 0xca,
    0xa, 0xff, 0xff, 0xff, 0xa0, 0xac, 0x6f, 0x12,
    0xef, 0xff, 0xfe, 0x21, 0xf6, 0xc, 0xb0, 0x2b,
    0xff, 0xb2, 0xb, 0xc0, 0x2, 0xfc, 0x20, 0x0,
    0x2, 0xcf, 0x20, 0x0, 0x2c, 0xfc, 0x88, 0xcf,
    0xc2, 0x0, 0x0, 0x0, 0x5a, 0xdc, 0xa5, 0x0,
    0x0,

    /* U+F59A "" */
    0x0, 0x0, 0x1, 0x33, 0x10, 0x0, 0x0, 0x0,
    0x2, 0xbf, 0xff, 0xfb, 0x20, 0x0, 0x0, 0x7f,
    0xb5, 0x22, 0x5b, 0xf7, 0x0, 0x6, 0xf6, 0x0,
    0x0, 0x0, 0x6f, 0x60, 0x1f, 0x70, 0x10, 0x0,
    0x1, 0x7, 0xf1, 0x9d, 0x9, 0xff, 0x53, 0xef,
    0x90, 0xd9, 0xd9, 0xf, 0x16, 0xb8, 0x81, 0xf0,
    0x9d, 0xf6, 0x1, 0x0, 0x10, 0x0, 0x10, 0x6f,
    0xe7, 0x4, 0x77, 0x77, 0x77, 0x40, 0x7e, 0xca,
    0xa, 0xff, 0xff, 0xff, 0xa0, 0xac, 0x6f, 0x12,
    0xef, 0xff, 0xfe, 0x21, 0xf6, 0xc, 0xb0, 0x2b,
    0xff, 0xb2, 0xb, 0xc0, 0x2, 0xfc, 0x20, 0x0,
    0x2, 0xcf, 0x20, 0x0, 0x2c, 0xfc, 0x88, 0xcf,
    0xc2, 0x0, 0x0, 0x0, 0x5a, 0xdc, 0xa5, 0x0,
    0x0,

    /* U+F59B "" */
    0x0, 0x0, 0x1, 0x33, 0x10, 0x0, 0x0, 0x0,
    0x2, 0xbf, 0xff, 0xfb, 0x20, 0x0, 0x0, 0x7f,
    0xb5, 0x22, 0x5b, 0xf7, 0x0, 0x6, 0xf6, 0x0,
    0x0, 0x0, 0x6f, 0x60, 0x1f, 0x70, 0x0, 0x0,
    0x0, 0x7, 0xf1, 0x9d, 0x8, 0xc4, 0x0, 0x4c,
    0x80, 0xd9, 0xd9, 0x0, 0xef, 0x22, 0xfe, 0x0,
    0x9d, 0xf6, 0x7, 0x91, 0x0, 0x19, 0x70, 0x6f,
    0xe7, 0x0, 0x0, 0x0, 0x0, 0x0, 0x7e, 0xca,
    0x7, 0xff, 0xff, 0xff, 0x70, 0xac, 0x6f, 0x11,
    0xef, 0xff, 0xfe, 0x11, 0xf6, 0xc, 0xb0, 0x2c,
    0xff, 0xc2, 0xb, 0xc0, 0x2, 0xfc, 0x20, 0x0,
    0x2, 0xcf, 0x20, 0x0, 0x2c, 0xfc, 0x88, 0xcf,
    0xc2, 0x0, 0x0, 0x0, 0x5a, 0xdc, 0xa5, 0x0,
    0x0,

    /* U+F59C "" */
    0x0, 0x0, 0x1, 0x33, 0x10, 0x0, 0x0, 0x0,
    0x2, 0xbf, 0xff, 0xfb, 0x20, 0x0, 0x0, 0x7f,
    0xb5, 0x22, 0x5b, 0xf7, 0x0, 0x6, 0xf6, 0x0,
    0x0, 0x0, 0x6f, 0x60, 0x1f, 0x70, 0x0, 0x0,
    0x45, 0x7, 0xf1, 0x9d, 0x0, 0xb6, 0x7, 0xdc,
    0xb0, 0xd9, 0xd9, 0x0, 0xb6, 0x7, 0x20, 0xa0,
    0x9d, 0xf6, 0x0, 0x0, 0x0, 0x0, 0x0, 0x6f,
    0xe7, 0x4, 0x77, 0x77, 0x77, 0x40, 0x7e, 0xca,
    0xa, 0xff, 0xff, 0xff, 0xa0, 0xac, 0x6f, 0x12,
    0xef, 0xff, 0xfe, 0x21, 0xf6, 0xc, 0xb0, 0x2b,
    0xff, 0xb2, 0xb, 0xc0, 0x2, 0xfc, 0x20, 0x0,
    0x2, 0xcf, 0x20, 0x0, 0x2c, 0xfc, 0x88, 0xcf,
    0xc2, 0x0, 0x0, 0x0, 0x5a, 0xdc, 0xa5, 0x0,
    0x0,

    /* U+F5A4 "" */
    0x0, 0x0, 0x1, 0x33, 0x10, 0x0, 0x0, 0x0,
    0x2, 0xbf, 0xff, 0xfb, 0x20, 0x0, 0x0, 0x7f,
    0xb5, 0x22, 0x5b, 0xf7, 0x0, 0x6, 0xf6, 0x0,
    0x0, 0x0, 0x6f, 0x60, 0x1f, 0x70, 0x0, 0x0,
    0x0, 0x7, 0xf1, 0x9d, 0x0, 0x63, 0x0, 0x36,
    0x0, 0xd9, 0xd9, 0x0, 0xe8, 0x0, 0x8e, 0x0,
    0x9d, 0xf6, 0x0, 0x0, 0x0, 0x0, 0x0, 0x6f,
    0xe7, 0x0, 0x0, 0x0, 0x0, 0x0, 0x7e, 0xca,
    0x0, 0x0, 0x0, 0x0, 0x0, 0xac, 0x6f, 0x10,
    0x0, 0x0, 0x0, 0x1, 0xf6, 0xc, 0xb0, 0x0,
    0x0, 0x0, 0xb, 0xc0, 0x2, 0xfc, 0x20, 0x0,
    0x2, 0xcf, 0x20, 0x0, 0x2c, 0xfc, 0x88, 0xcf,
    0xc2, 0x0, 0x0, 0x0, 0x5a, 0xdc, 0xa5, 0x0,
    0x0,

    /* U+F5A5 "" */
    0x0, 0x0, 0x1, 0x33, 0x10, 0x0, 0x0, 0x0,
    0x2, 0xbf, 0xff, 0xfb, 0x20, 0x0, 0x0, 0x7f,
    0xb5, 0x22, 0x5b, 0xf7, 0x0, 0x6, 0xf6, 0x0,
    0x0, 0x0, 0x6f, 0x60, 0x1f, 0x71, 0x40, 0x0,
    0x4, 0x17, 0xf1, 0x9d, 0x4f, 0xfe, 0x11, 0xef,
    0xf4, 0xd9, 0xd9, 0xba, 0xcb, 0x77, 0xbc, 0xab,
    0x9d, 0xf6, 0xa9, 0x2d, 0x66, 0xd2, 0x9a, 0x6f,
    0xe7, 0x2d, 0xfb, 0x0, 0xbf, 0xd2, 0x7e, 0xca,
    0x0, 0x0, 0x0, 0x0, 0x0, 0xac, 0x6f, 0x10,
    0x5, 0x66, 0x50, 0x1, 0xf6, 0xc, 0xb0, 0x1d,
    0xee, 0xd1, 0xb, 0xc0, 0x2, 0xfc, 0x20, 0x0,
    0x2, 0xcf, 0x20, 0x0, 0x2c, 0xfc, 0x88, 0xcf,
    0xc2, 0x0, 0x0, 0x0, 0x5a, 0xcc, 0xa5, 0x0,
    0x0,

    /* U+F5B3 "" */
    0x0, 0x0, 0x1, 0x33, 0x10, 0x0, 0x0, 0x0,
    0x2, 0xbf, 0xff, 0xfb, 0x20, 0x0, 0x0, 0x7f,
    0xb5, 0x22, 0x5b, 0xf7, 0x0, 0x6, 0xf6, 0x0,
    0x0, 0x0, 0x6f, 0x60, 0x1f, 0x70, 0x0, 0x0,
    0x0, 0x7, 0xf1, 0x9d, 0xa, 0xf9, 0x0, 0x9f,
    0xa0, 0xd9, 0xd8, 0x3d, 0x2e, 0x12, 0xe2, 0xd3,
    0x9d, 0xf5, 0x1, 0x1, 0x0, 0x10, 0x10, 0x5f,
    0xe6, 0x9, 0x40, 0x22, 0x4, 0x90, 0x6e, 0xca,
    0xc, 0x72, 0xff, 0x27, 0xc0, 0xac, 0x6f, 0x3c,
    0x74, 0xff, 0x47, 0xc3, 0xf6, 0xc, 0xed, 0x71,
    0xee, 0x17, 0xde, 0xc0, 0x2, 0xff, 0x70, 0x0,
    0x7, 0xff, 0x20, 0x0, 0x2c, 0xfb, 0x88, 0xbf,
    0xc2, 0x0, 0x0, 0x0, 0x5a, 0xcc, 0xa5, 0x0,
    0x0,

    /* U+F5B4 "" */
    0x0, 0x0, 0x1, 0x33, 0x10, 0x0, 0x0, 0x0,
    0x2, 0xbf, 0xff, 0xfb, 0x20, 0x0, 0x0, 0x7f,
    0xb5, 0x22, 0x5b, 0xf7, 0x0, 0x6, 0xf6, 0x0,
    0x0, 0x0, 0x6f, 0x60, 0x1f, 0x70, 0x0, 0x0,
    0x0, 0x7, 0xf1, 0x9d, 0x0, 0x63, 0x0, 0x36,
    0x0, 0xd9, 0xd9, 0x0, 0xe8, 0x0, 0x8e, 0x0,
    0x9d, 0xf6, 0x0, 0x0, 0x0, 0x0, 0x0, 0x6f,
    0xe6, 0x0, 0x83, 0x0, 0x0, 0x0, 0x7e, 0xc9,
    0x3, 0xfd, 0xb, 0xc6, 0x0, 0xac, 0x6f, 0x16,
    0xff, 0x3, 0x8f, 0x71, 0xf6, 0xc, 0x70, 0x85,
    0x0, 0x3, 0x3b, 0xc0, 0x2, 0xe4, 0x0, 0x0,
    0x2, 0xcf, 0x20, 0x0, 0x2c, 0xfc, 0x88, 0xcf,
    0xc2, 0x0, 0x0, 0x0, 0x5a, 0xdc, 0xa5, 0x0,
    0x0,

    /* U+F5B8 "" */
    0x0, 0x0, 0x1, 0x33, 0x10, 0x0, 0x0, 0x0,
    0x2, 0xbf, 0xff, 0xfb, 0x20, 0x0, 0x0, 0x7f,
    0xb5, 0x22, 0x5b, 0xf7, 0x0, 0x6, 0xf6, 0x0,
    0x0, 0x0, 0x6f, 0x60, 0x1f, 0x70, 0x10, 0x0,
    0x1, 0x7, 0xf1, 0x9d, 0x9, 0xff, 0x53, 0xef,
    0x90, 0xd9, 0xd9, 0xf, 0x16, 0xb8, 0x81, 0xf0,
    0x9d, 0xf6, 0x1, 0x0, 0x10, 0x0, 0x10, 0x6f,
    0xe7, 0x0, 0x0, 0x0, 0x0, 0x0, 0x7e, 0xca,
    0x1, 0x70, 0x0, 0x7, 0x10, 0xac, 0x6f, 0x11,
    0xed, 0x99, 0xde, 0x11, 0xf6, 0xc, 0xb0, 0x18,
    0xcc, 0x81, 0xb, 0xc0, 0x2, 0xfc, 0x20, 0x0,
    0x2, 0xcf, 0x20, 0x0, 0x2c, 0xfc, 0x88, 0xcf,
    0xc2, 0x0, 0x0, 0x0, 0x5a, 0xdc, 0xa5, 0x0,
    0x0,

    /* U+F5C0 "" */
    0x0, 0x0, 0x0, 0x0, 0x0, 0x0, 0x0, 0x0,
    0x0, 0x0, 0x0, 0xe, 0x70, 0x0, 0x0, 0x0,
    0x0, 0x0, 0x0, 0x7f, 0xe0, 0x0, 0x0, 0x0,
    0x0, 0x0, 0x1, 0xff, 0xf7, 0x0, 0x0, 0x0,
    0x0, 0x0, 0x8, 0xef, 0xde, 0x0, 0x0, 0x0,
    0x3, 0x68, 0xbf, 0x7e, 0x7e, 0xda, 0x75, 0x20,
    0xaf, 0xec, 0x96, 0xe, 0x63, 0x8b, 0xdf, 0xf1,
    0x2e, 0xb0, 0x0, 0xe, 0x60, 0x0, 0x5f, 0x80,
    0x2, 0xeb, 0x0, 0xe, 0x60, 0x5, 0xf8, 0x0,
    0x0, 0x2e, 0xa0, 0xe, 0x60, 0x3f, 0x80, 0x0,
    0x0, 0x8, 0xc0, 0xe, 0x60, 0x5f, 0x0, 0x0,
    0x0, 0xa, 0xa0, 0xe, 0x60, 0x2f, 0x20, 0x0,
    0x0, 0xd, 0x72, 0xaf, 0xe6, 0xf, 0x50, 0x0,
    0x0, 0xf, 0xdf, 0xc5, 0x8f, 0xdf, 0x70, 0x0,
    0x0, 0x1f, 0xc4, 0x0, 0x1, 0x9f, 0x80, 0x0,
    0x0, 0x2, 0x0, 0x0, 0x0, 0x1, 0x0, 0x0,

    /* U+F5C2 "" */
    0x0, 0x0, 0x1, 0x33, 0x10, 0x0, 0x0, 0x0,
    0x2, 0xbf, 0xff, 0xfb, 0x20, 0x0, 0x0, 0x7f,
    0xb5, 0x22, 0x5b, 0xf7, 0x0, 0x6, 0xf6, 0x0,
    0x0, 0x0, 0x6f, 0x60, 0x1f, 0x70, 0x0, 0x0,
    0x0, 0x7, 0xf1, 0x9d, 0x0, 0x63, 0x0, 0x36,
    0x0, 0xd9, 0xd9, 0x0, 0xe8, 0x0, 0x8e, 0x0,
    0x9d, 0xf6, 0x0, 0x0, 0x0, 0x0, 0x0, 0x6f,
    0xe7, 0x0, 0x0, 0x33, 0x0, 0x0, 0x7e, 0xca,
    0x0, 0x7, 0xff, 0x70, 0x0, 0xac, 0x6f, 0x10,
    0xb, 0xff, 0xb0, 0x1, 0xf6, 0xc, 0xb0, 0x4,
    0xff, 0x40, 0xb, 0xc0, 0x2, 0xfc, 0x20, 0x0,
    0x2, 0xcf, 0x20, 0x0, 0x2c, 0xfc, 0x88, 0xcf,
    0xc2, 0x0, 0x0, 0x0, 0x5a, 0xdc, 0xa5, 0x0,
    0x0,

    /* U+F5C8 "" */
    0x0, 0x0, 0x1, 0x33, 0x10, 0x0, 0x0, 0x0,
    0x2, 0xbf, 0xff, 0xfb, 0x20, 0x0, 0x0, 0x7f,
    0xb5, 0x22, 0x5b, 0xf7, 0x0, 0x6, 0xf6, 0x0,
    0x0, 0x0, 0x6f, 0x60, 0x1f, 0x70, 0x0, 0x0,
    0x0, 0x7, 0xf1, 0x9d, 0x8, 0xb3, 0x0, 0x3b,
    0x80, 0xd9, 0xd9, 0x0, 0xef, 0x22, 0xfe, 0x0,
    0x9d, 0xf6, 0x7, 0x92, 0x0, 0x29, 0x70, 0x6f,
    0xe7, 0x0, 0x0, 0x44, 0x0, 0x0, 0x7e, 0xca,
    0x0, 0x2e, 0xff, 0xe3, 0x0, 0xac, 0x6f, 0x10,
    0xdf, 0xff, 0xfd, 0x1, 0xf6, 0xc, 0xb0, 0x95,
    0x22, 0x59, 0xb, 0xc0, 0x2, 0xfc, 0x20, 0x0,
    0x2, 0xcf, 0x20, 0x0, 0x2c, 0xfc, 0x88, 0xcf,
    0xc2, 0x0, 0x0, 0x0, 0x5a, 0xdc, 0xa5, 0x0,
    0x0,

    /* U+F80A "" */
    0x0, 0x0, 0x0, 0x1, 0x0, 0x0, 0x0, 0x0,
    0x0, 0x0, 0x5, 0xfc, 0x0, 0x0, 0x0, 0x0,
    0x0, 0x7, 0xf9, 0xed, 0x10, 0x0, 0x0, 0x0,
    0x8, 0xf6, 0x1, 0xde, 0x20, 0x0, 0x0, 0xa,
    0xf5, 0x0, 0x1, 0xce, 0x30, 0x0, 0xb, 0xf4,
    0x0, 0x0, 0x0, 0xbf, 0x40, 0xc, 0xf6, 0x0,
    0x0, 0x0, 0x0, 0xef, 0x51, 0xaf, 0x60, 0x0,
    0x0, 0x0, 0xe, 0xc6, 0x0, 0xe6, 0x0, 0x35,
    0x51, 0x0, 0xe6, 0x0, 0xe, 0x60, 0x7f, 0xff,
    0xe1, 0xe, 0x60, 0x0, 0xe6, 0xe, 0x70, 0x1f,
    0x50, 0xe6, 0x0, 0xe, 0x60, 0xe6, 0x0, 0xe6,
    0xe, 0x60, 0x0, 0xe6, 0xe, 0x60, 0xe, 0x60,
    0xe6, 0x0, 0xd, 0xb5, 0xf9, 0x55, 0xf9, 0x6f,
    0x50, 0x0, 0x4d, 0xff, 0xff, 0xff, 0xff, 0xa0,
    0x0,

    /* U+F80C "" */
    0x0, 0x0, 0x0, 0x1, 0x0, 0x0, 0x0, 0x0,
    0x0, 0x0, 0x5, 0xfc, 0x0, 0x0, 0x0, 0x0,
    0x0, 0x7, 0xf9, 0xed, 0x10, 0x0, 0x0, 0x0,
    0x8, 0xf6, 0x1, 0xde, 0x20, 0x0, 0x0, 0xa,
    0xf5, 0x0, 0x1, 0xce, 0x30, 0x0, 0xb, 0xf4,
    0x0, 0x0, 0x0, 0xbf, 0x40, 0xc, 0xf6, 0x0,
    0x0, 0x0, 0x0, 0xef, 0x51, 0xaf, 0x60, 0x0,
    0x0, 0x0, 0xe, 0xc6, 0x0, 0xe6, 0x0, 0x35,
    0x51, 0x0, 0xe6, 0x0, 0xe, 0x60, 0x7f, 0xff,
    0xe1, 0xe, 0x60, 0x0, 0xe6, 0xe, 0x70, 0x1f,
    0x50, 0xe6, 0x0, 0xe, 0x60, 0xe6, 0x0, 0xe6,
    0xe, 0x60, 0x0, 0xe6, 0xe, 0x60, 0xe, 0x60,
    0xe6, 0x0, 0xd, 0xb5, 0xf9, 0x55, 0xf9, 0x6f,
    0x50, 0x0, 0x4d, 0xff, 0xff, 0xff, 0xff, 0xa0,
    0x0
};

/*---------------------
 *  GLYPH DESCRIPTION
 *--------------------*/

static const lv_font_fmt_txt_glyph_dsc_t glyph_dsc[] = {
    {.bitmap_index = 0, .adv_w = 0, .box_w = 0, .box_h = 0, .ofs_x = 0, .ofs_y = 0} /* id = 0 reserved */,
    {.bitmap_index = 0, .adv_w = 224, .box_w = 14, .box_h = 11, .ofs_x = 0, .ofs_y = 0},
    {.bitmap_index = 77, .adv_w = 224, .box_w = 14, .box_h = 13, .ofs_x = 0, .ofs_y = -1},
    {.bitmap_index = 168, .adv_w = 252, .box_w = 16, .box_h = 16, .ofs_x = 0, .ofs_y = -2},
    {.bitmap_index = 296, .adv_w = 252, .box_w = 16, .box_h = 16, .ofs_x = 0, .ofs_y = -2},
    {.bitmap_index = 424, .adv_w = 196, .box_w = 13, .box_h = 15, .ofs_x = 0, .ofs_y = -2},
    {.bitmap_index = 522, .adv_w = 196, .box_w = 13, .box_h = 15, .ofs_x = 0, .ofs_y = -2},
    {.bitmap_index = 620, .adv_w = 224, .box_w = 15, .box_h = 15, .ofs_x = -1, .ofs_y = -2},
    {.bitmap_index = 733, .adv_w = 168, .box_w = 11, .box_h = 15, .ofs_x = 0, .ofs_y = -2},
    {.bitmap_index = 816, .adv_w = 224, .box_w = 14, .box_h = 15, .ofs_x = 0, .ofs_y = -2},
    {.bitmap_index = 921, .adv_w = 224, .box_w = 14, .box_h = 15, .ofs_x = 0, .ofs_y = -2},
    {.bitmap_index = 1026, .adv_w = 224, .box_w = 14, .box_h = 15, .ofs_x = 0, .ofs_y = -2},
    {.bitmap_index = 1131, .adv_w = 224, .box_w = 14, .box_h = 15, .ofs_x = 0, .ofs_y = -2},
    {.bitmap_index = 1236, .adv_w = 224, .box_w = 14, .box_h = 11, .ofs_x = 0, .ofs_y = 0},
    {.bitmap_index = 1313, .adv_w = 196, .box_w = 13, .box_h = 15, .ofs_x = 0, .ofs_y = -2},
    {.bitmap_index = 1411, .adv_w = 196, .box_w = 13, .box_h = 14, .ofs_x = 0, .ofs_y = -1},
    {.bitmap_index = 1502, .adv_w = 168, .box_w = 11, .box_h = 16, .ofs_x = 0, .ofs_y = -3},
    {.bitmap_index = 1590, .adv_w = 224, .box_w = 14, .box_h = 13, .ofs_x = 0, .ofs_y = -1},
    {.bitmap_index = 1681, .adv_w = 196, .box_w = 13, .box_h = 13, .ofs_x = 0, .ofs_y = -1},
    {.bitmap_index = 1766, .adv_w = 224, .box_w = 15, .box_h = 15, .ofs_x = 0, .ofs_y = -2},
    {.bitmap_index = 1879, .adv_w = 252, .box_w = 16, .box_h = 15, .ofs_x = 0, .ofs_y = -2},
    {.bitmap_index = 1999, .adv_w = 196, .box_w = 13, .box_h = 13, .ofs_x = 0, .ofs_y = -1},
    {.bitmap_index = 2084, .adv_w = 224, .box_w = 14, .box_h = 15, .ofs_x = 0, .ofs_y = -2},
    {.bitmap_index = 2189, .adv_w = 224, .box_w = 14, .box_h = 15, .ofs_x = 0, .ofs_y = -2},
    {.bitmap_index = 2294, .adv_w = 224, .box_w = 14, .box_h = 15, .ofs_x = 0, .ofs_y = -2},
    {.bitmap_index = 2399, .adv_w = 224, .box_w = 14, .box_h = 15, .ofs_x = 0, .ofs_y = -2},
    {.bitmap_index = 2504, .adv_w = 224, .box_w = 14, .box_h = 15, .ofs_x = 0, .ofs_y = -2},
    {.bitmap_index = 2609, .adv_w = 252, .box_w = 17, .box_h = 13, .ofs_x = -1, .ofs_y = -1},
    {.bitmap_index = 2720, .adv_w = 252, .box_w = 17, .box_h = 17, .ofs_x = -1, .ofs_y = -3},
    {.bitmap_index = 2865, .adv_w = 196, .box_w = 13, .box_h = 14, .ofs_x = 0, .ofs_y = -1},
    {.bitmap_index = 2956, .adv_w = 224, .box_w = 14, .box_h = 15, .ofs_x = 0, .ofs_y = -2},
    {.bitmap_index = 3061, .adv_w = 224, .box_w = 14, .box_h = 12, .ofs_x = 0, .ofs_y = 0},
    {.bitmap_index = 3145, .adv_w = 252, .box_w = 16, .box_h = 12, .ofs_x = 0, .ofs_y = 0},
    {.bitmap_index = 3241, .adv_w = 224, .box_w = 14, .box_h = 13, .ofs_x = 0, .ofs_y = -1},
    {.bitmap_index = 3332, .adv_w = 252, .box_w = 16, .box_h = 17, .ofs_x = 0, .ofs_y = -3},
    {.bitmap_index = 3468, .adv_w = 224, .box_w = 14, .box_h = 14, .ofs_x = 0, .ofs_y = -1},
    {.bitmap_index = 3566, .adv_w = 224, .box_w = 14, .box_h = 14, .ofs_x = 0, .ofs_y = -2},
    {.bitmap_index = 3664, .adv_w = 252, .box_w = 9, .box_h = 15, .ofs_x = 0, .ofs_y = -2},
    {.bitmap_index = 3732, .adv_w = 224, .box_w = 14, .box_h = 13, .ofs_x = 0, .ofs_y = -1},
    {.bitmap_index = 3823, .adv_w = 196, .box_w = 14, .box_h = 14, .ofs_x = -1, .ofs_y = -2},
    {.bitmap_index = 3921, .adv_w = 196, .box_w = 13, .box_h = 13, .ofs_x = 0, .ofs_y = -1},
    {.bitmap_index = 4006, .adv_w = 168, .box_w = 11, .box_h = 16, .ofs_x = 0, .ofs_y = -3},
    {.bitmap_index = 4094, .adv_w = 224, .box_w = 14, .box_h = 11, .ofs_x = 0, .ofs_y = 0},
    {.bitmap_index = 4171, .adv_w = 196, .box_w = 13, .box_h = 13, .ofs_x = 0, .ofs_y = -1},
    {.bitmap_index = 4256, .adv_w = 196, .box_w = 13, .box_h = 15, .ofs_x = 0, .ofs_y = -2},
    {.bitmap_index = 4354, .adv_w = 224, .box_w = 14, .box_h = 11, .ofs_x = 0, .ofs_y = 0},
    {.bitmap_index = 4431, .adv_w = 224, .box_w = 14, .box_h = 11, .ofs_x = 0, .ofs_y = 0},
    {.bitmap_index = 4508, .adv_w = 168, .box_w = 11, .box_h = 15, .ofs_x = 0, .ofs_y = -2},
    {.bitmap_index = 4591, .adv_w = 168, .box_w = 11, .box_h = 15, .ofs_x = 0, .ofs_y = -2},
    {.bitmap_index = 4674, .adv_w = 252, .box_w = 16, .box_h = 13, .ofs_x = 0, .ofs_y = -1},
    {.bitmap_index = 4778, .adv_w = 196, .box_w = 13, .box_h = 15, .ofs_x = 0, .ofs_y = -2},
    {.bitmap_index = 4876, .adv_w = 196, .box_w = 13, .box_h = 13, .ofs_x = 0, .ofs_y = -1},
    {.bitmap_index = 4961, .adv_w = 196, .box_w = 13, .box_h = 13, .ofs_x = 0, .ofs_y = -1},
    {.bitmap_index = 5046, .adv_w = 252, .box_w = 16, .box_h = 14, .ofs_x = 0, .ofs_y = -2},
    {.bitmap_index = 5158, .adv_w = 224, .box_w = 14, .box_h = 11, .ofs_x = 0, .ofs_y = 0},
    {.bitmap_index = 5235, .adv_w = 224, .box_w = 14, .box_h = 15, .ofs_x = 0, .ofs_y = -2},
    {.bitmap_index = 5340, .adv_w = 252, .box_w = 16, .box_h = 17, .ofs_x = 0, .ofs_y = -3},
    {.bitmap_index = 5476, .adv_w = 224, .box_w = 14, .box_h = 15, .ofs_x = 0, .ofs_y = -2},
    {.bitmap_index = 5581, .adv_w = 168, .box_w = 11, .box_h = 15, .ofs_x = 0, .ofs_y = -2},
    {.bitmap_index = 5664, .adv_w = 196, .box_w = 13, .box_h = 15, .ofs_x = 0, .ofs_y = -2},
    {.bitmap_index = 5762, .adv_w = 168, .box_w = 11, .box_h = 15, .ofs_x = 0, .ofs_y = -2},
    {.bitmap_index = 5845, .adv_w = 168, .box_w = 11, .box_h = 15, .ofs_x = 0, .ofs_y = -2},
    {.bitmap_index = 5928, .adv_w = 252, .box_w = 16, .box_h = 15, .ofs_x = 0, .ofs_y = -2},
    {.bitmap_index = 6048, .adv_w = 196, .box_w = 13, .box_h = 13, .ofs_x = 0, .ofs_y = -1},
    {.bitmap_index = 6133, .adv_w = 224, .box_w = 14, .box_h = 15, .ofs_x = 0, .ofs_y = -2},
    {.bitmap_index = 6238, .adv_w = 224, .box_w = 14, .box_h = 15, .ofs_x = 0, .ofs_y = -2},
    {.bitmap_index = 6343, .adv_w = 224, .box_w = 14, .box_h = 12, .ofs_x = 0, .ofs_y = 0},
    {.bitmap_index = 6427, .adv_w = 252, .box_w = 16, .box_h = 12, .ofs_x = 0, .ofs_y = 0},
    {.bitmap_index = 6523, .adv_w = 224, .box_w = 14, .box_h = 15, .ofs_x = 0, .ofs_y = -2},
    {.bitmap_index = 6628, .adv_w = 224, .box_w = 14, .box_h = 15, .ofs_x = 0, .ofs_y = -2},
    {.bitmap_index = 6733, .adv_w = 224, .box_w = 14, .box_h = 15, .ofs_x = 0, .ofs_y = -2},
    {.bitmap_index = 6838, .adv_w = 252, .box_w = 16, .box_h = 11, .ofs_x = 0, .ofs_y = 0},
    {.bitmap_index = 6926, .adv_w = 196, .box_w = 13, .box_h = 15, .ofs_x = 0, .ofs_y = -2},
    {.bitmap_index = 7024, .adv_w = 252, .box_w = 9, .box_h = 15, .ofs_x = 0, .ofs_y = -2},
    {.bitmap_index = 7092, .adv_w = 196, .box_w = 13, .box_h = 14, .ofs_x = 0, .ofs_y = -1},
    {.bitmap_index = 7183, .adv_w = 224, .box_w = 14, .box_h = 15, .ofs_x = 0, .ofs_y = -2},
    {.bitmap_index = 7288, .adv_w = 196, .box_w = 13, .box_h = 13, .ofs_x = 0, .ofs_y = -1},
    {.bitmap_index = 7373, .adv_w = 196, .box_w = 13, .box_h = 13, .ofs_x = 0, .ofs_y = -1},
    {.bitmap_index = 7458, .adv_w = 196, .box_w = 13, .box_h = 13, .ofs_x = 0, .ofs_y = -1},
    {.bitmap_index = 7543, .adv_w = 252, .box_w = 16, .box_h = 15, .ofs_x = 0, .ofs_y = -2},
    {.bitmap_index = 7663, .adv_w = 224, .box_w = 14, .box_h = 15, .ofs_x = 0, .ofs_y = -2},
    {.bitmap_index = 7768, .adv_w = 196, .box_w = 13, .box_h = 13, .ofs_x = 0, .ofs_y = -1},
    {.bitmap_index = 7853, .adv_w = 196, .box_w = 13, .box_h = 13, .ofs_x = 0, .ofs_y = -1},
    {.bitmap_index = 7938, .adv_w = 196, .box_w = 13, .box_h = 13, .ofs_x = 0, .ofs_y = -1},
    {.bitmap_index = 8023, .adv_w = 168, .box_w = 11, .box_h = 15, .ofs_x = 0, .ofs_y = -2},
    {.bitmap_index = 8106, .adv_w = 168, .box_w = 11, .box_h = 15, .ofs_x = 0, .ofs_y = -2},
    {.bitmap_index = 8189, .adv_w = 224, .box_w = 14, .box_h = 14, .ofs_x = 0, .ofs_y = -1},
    {.bitmap_index = 8287, .adv_w = 224, .box_w = 14, .box_h = 14, .ofs_x = 0, .ofs_y = -2},
    {.bitmap_index = 8385, .adv_w = 252, .box_w = 16, .box_h = 17, .ofs_x = 0, .ofs_y = -3},
    {.bitmap_index = 8521, .adv_w = 224, .box_w = 13, .box_h = 15, .ofs_x = 0, .ofs_y = -2},
    {.bitmap_index = 8619, .adv_w = 224, .box_w = 14, .box_h = 15, .ofs_x = 0, .ofs_y = -2},
    {.bitmap_index = 8724, .adv_w = 224, .box_w = 14, .box_h = 15, .ofs_x = 0, .ofs_y = -2},
    {.bitmap_index = 8829, .adv_w = 196, .box_w = 13, .box_h = 13, .ofs_x = 0, .ofs_y = -1},
    {.bitmap_index = 8914, .adv_w = 224, .box_w = 14, .box_h = 15, .ofs_x = 0, .ofs_y = -2},
    {.bitmap_index = 9019, .adv_w = 196, .box_w = 13, .box_h = 13, .ofs_x = 0, .ofs_y = -1},
    {.bitmap_index = 9104, .adv_w = 168, .box_w = 11, .box_h = 15, .ofs_x = 0, .ofs_y = -2},
    {.bitmap_index = 9187, .adv_w = 252, .box_w = 16, .box_h = 16, .ofs_x = 0, .ofs_y = -3},
    {.bitmap_index = 9315, .adv_w = 168, .box_w = 11, .box_h = 15, .ofs_x = 0, .ofs_y = -2},
    {.bitmap_index = 9398, .adv_w = 168, .box_w = 11, .box_h = 15, .ofs_x = 0, .ofs_y = -2},
    {.bitmap_index = 9481, .adv_w = 168, .box_w = 11, .box_h = 15, .ofs_x = 0, .ofs_y = -2},
    {.bitmap_index = 9564, .adv_w = 168, .box_w = 11, .box_h = 15, .ofs_x = 0, .ofs_y = -2},
    {.bitmap_index = 9647, .adv_w = 168, .box_w = 11, .box_h = 15, .ofs_x = 0, .ofs_y = -2},
    {.bitmap_index = 9730, .adv_w = 168, .box_w = 11, .box_h = 15, .ofs_x = 0, .ofs_y = -2},
    {.bitmap_index = 9813, .adv_w = 168, .box_w = 11, .box_h = 15, .ofs_x = 0, .ofs_y = -2},
    {.bitmap_index = 9896, .adv_w = 168, .box_w = 11, .box_h = 15, .ofs_x = 0, .ofs_y = -2},
    {.bitmap_index = 9979, .adv_w = 224, .box_w = 14, .box_h = 15, .ofs_x = 0, .ofs_y = -2},
    {.bitmap_index = 10084, .adv_w = 252, .box_w = 16, .box_h = 17, .ofs_x = 0, .ofs_y = -3},
    {.bitmap_index = 10220, .adv_w = 252, .box_w = 16, .box_h = 17, .ofs_x = 0, .ofs_y = -3},
    {.bitmap_index = 10356, .adv_w = 224, .box_w = 14, .box_h = 15, .ofs_x = 0, .ofs_y = -2},
    {.bitmap_index = 10461, .adv_w = 224, .box_w = 14, .box_h = 15, .ofs_x = 0, .ofs_y = -2},
    {.bitmap_index = 10566, .adv_w = 224, .box_w = 14, .box_h = 13, .ofs_x = 0, .ofs_y = -1},
    {.bitmap_index = 10657, .adv_w = 252, .box_w = 17, .box_h = 17, .ofs_x = -1, .ofs_y = -3},
    {.bitmap_index = 10802, .adv_w = 252, .box_w = 17, .box_h = 17, .ofs_x = -1, .ofs_y = -3},
    {.bitmap_index = 10947, .adv_w = 224, .box_w = 14, .box_h = 16, .ofs_x = 0, .ofs_y = -3},
    {.bitmap_index = 11059, .adv_w = 224, .box_w = 14, .box_h = 11, .ofs_x = 0, .ofs_y = 0},
    {.bitmap_index = 11136, .adv_w = 252, .box_w = 16, .box_h = 15, .ofs_x = 0, .ofs_y = -2},
    {.bitmap_index = 11256, .adv_w = 280, .box_w = 18, .box_h = 15, .ofs_x = 0, .ofs_y = -2},
    {.bitmap_index = 11391, .adv_w = 196, .box_w = 13, .box_h = 13, .ofs_x = 0, .ofs_y = -1},
    {.bitmap_index = 11476, .adv_w = 196, .box_w = 13, .box_h = 13, .ofs_x = 0, .ofs_y = -1},
    {.bitmap_index = 11561, .adv_w = 224, .box_w = 14, .box_h = 15, .ofs_x = 0, .ofs_y = -2},
    {.bitmap_index = 11666, .adv_w = 168, .box_w = 11, .box_h = 15, .ofs_x = 0, .ofs_y = -2},
    {.bitmap_index = 11749, .adv_w = 168, .box_w = 11, .box_h = 15, .ofs_x = 0, .ofs_y = -2},
    {.bitmap_index = 11832, .adv_w = 168, .box_w = 11, .box_h = 15, .ofs_x = 0, .ofs_y = -2},
    {.bitmap_index = 11915, .adv_w = 168, .box_w = 11, .box_h = 15, .ofs_x = 0, .ofs_y = -2},
    {.bitmap_index = 11998, .adv_w = 224, .box_w = 15, .box_h = 15, .ofs_x = -1, .ofs_y = -2},
    {.bitmap_index = 12111, .adv_w = 224, .box_w = 15, .box_h = 12, .ofs_x = -1, .ofs_y = -1},
    {.bitmap_index = 12201, .adv_w = 224, .box_w = 14, .box_h = 11, .ofs_x = 0, .ofs_y = 0},
    {.bitmap_index = 12278, .adv_w = 224, .box_w = 16, .box_h = 15, .ofs_x = -1, .ofs_y = -2},
    {.bitmap_index = 12398, .adv_w = 196, .box_w = 14, .box_h = 15, .ofs_x = -1, .ofs_y = -2},
    {.bitmap_index = 12503, .adv_w = 196, .box_w = 13, .box_h = 15, .ofs_x = -1, .ofs_y = -2},
    {.bitmap_index = 12601, .adv_w = 224, .box_w = 14, .box_h = 16, .ofs_x = 0, .ofs_y = -3},
    {.bitmap_index = 12713, .adv_w = 196, .box_w = 13, .box_h = 14, .ofs_x = 0, .ofs_y = -1},
    {.bitmap_index = 12804, .adv_w = 196, .box_w = 13, .box_h = 14, .ofs_x = 0, .ofs_y = -1},
    {.bitmap_index = 12895, .adv_w = 196, .box_w = 13, .box_h = 14, .ofs_x = 0, .ofs_y = -1},
    {.bitmap_index = 12986, .adv_w = 196, .box_w = 13, .box_h = 14, .ofs_x = 0, .ofs_y = -1},
    {.bitmap_index = 13077, .adv_w = 224, .box_w = 14, .box_h = 14, .ofs_x = 0, .ofs_y = -2},
    {.bitmap_index = 13175, .adv_w = 224, .box_w = 14, .box_h = 14, .ofs_x = 0, .ofs_y = -2},
    {.bitmap_index = 13273, .adv_w = 224, .box_w = 14, .box_h = 15, .ofs_x = 0, .ofs_y = -3},
    {.bitmap_index = 13378, .adv_w = 224, .box_w = 14, .box_h = 15, .ofs_x = 0, .ofs_y = -2},
    {.bitmap_index = 13483, .adv_w = 224, .box_w = 14, .box_h = 11, .ofs_x = 0, .ofs_y = 0},
    {.bitmap_index = 13560, .adv_w = 224, .box_w = 14, .box_h = 15, .ofs_x = 0, .ofs_y = -2},
    {.bitmap_index = 13665, .adv_w = 224, .box_w = 14, .box_h = 15, .ofs_x = 0, .ofs_y = -2},
    {.bitmap_index = 13770, .adv_w = 224, .box_w = 14, .box_h = 15, .ofs_x = 0, .ofs_y = -2},
    {.bitmap_index = 13875, .adv_w = 224, .box_w = 14, .box_h = 15, .ofs_x = 0, .ofs_y = -2},
    {.bitmap_index = 13980, .adv_w = 224, .box_w = 14, .box_h = 15, .ofs_x = 0, .ofs_y = -2},
    {.bitmap_index = 14085, .adv_w = 224, .box_w = 14, .box_h = 15, .ofs_x = 0, .ofs_y = -2},
    {.bitmap_index = 14190, .adv_w = 280, .box_w = 17, .box_h = 14, .ofs_x = 0, .ofs_y = -2},
    {.bitmap_index = 14309, .adv_w = 224, .box_w = 14, .box_h = 14, .ofs_x = 0, .ofs_y = -1},
    {.bitmap_index = 14407, .adv_w = 224, .box_w = 14, .box_h = 14, .ofs_x = 0, .ofs_y = -1},
    {.bitmap_index = 14505, .adv_w = 224, .box_w = 14, .box_h = 15, .ofs_x = 0, .ofs_y = -2},
    {.bitmap_index = 14610, .adv_w = 224, .box_w = 14, .box_h = 15, .ofs_x = 0, .ofs_y = -2},
    {.bitmap_index = 14715, .adv_w = 252, .box_w = 16, .box_h = 13, .ofs_x = 0, .ofs_y = -1},
    {.bitmap_index = 14819, .adv_w = 252, .box_w = 16, .box_h = 13, .ofs_x = 0, .ofs_y = -1},
    {.bitmap_index = 14923, .adv_w = 224, .box_w = 14, .box_h = 15, .ofs_x = 0, .ofs_y = -2},
    {.bitmap_index = 15028, .adv_w = 224, .box_w = 14, .box_h = 15, .ofs_x = 0, .ofs_y = -2},
    {.bitmap_index = 15133, .adv_w = 196, .box_w = 13, .box_h = 15, .ofs_x = 0, .ofs_y = -2},
    {.bitmap_index = 15231, .adv_w = 168, .box_w = 11, .box_h = 15, .ofs_x = 0, .ofs_y = -2},
    {.bitmap_index = 15314, .adv_w = 252, .box_w = 16, .box_h = 13, .ofs_x = 0, .ofs_y = -1},
    {.bitmap_index = 15418, .adv_w = 252, .box_w = 16, .box_h = 13, .ofs_x = 0, .ofs_y = -1},
    {.bitmap_index = 15522, .adv_w = 224, .box_w = 14, .box_h = 11, .ofs_x = 0, .ofs_y = 0},
    {.bitmap_index = 15599, .adv_w = 224, .box_w = 14, .box_h = 2, .ofs_x = 0, .ofs_y = 0},
    {.bitmap_index = 15613, .adv_w = 252, .box_w = 16, .box_h = 13, .ofs_x = 0, .ofs_y = -1},
    {.bitmap_index = 15717, .adv_w = 224, .box_w = 14, .box_h = 11, .ofs_x = 0, .ofs_y = 0},
    {.bitmap_index = 15794, .adv_w = 224, .box_w = 15, .box_h = 17, .ofs_x = -1, .ofs_y = -3},
    {.bitmap_index = 15922, .adv_w = 196, .box_w = 13, .box_h = 15, .ofs_x = 0, .ofs_y = -2},
    {.bitmap_index = 16020, .adv_w = 252, .box_w = 15, .box_h = 14, .ofs_x = 0, .ofs_y = -2},
    {.bitmap_index = 16125, .adv_w = 168, .box_w = 11, .box_h = 15, .ofs_x = 0, .ofs_y = -2},
    {.bitmap_index = 16208, .adv_w = 224, .box_w = 14, .box_h = 13, .ofs_x = 0, .ofs_y = -1},
    {.bitmap_index = 16299, .adv_w = 224, .box_w = 14, .box_h = 15, .ofs_x = 0, .ofs_y = -2},
    {.bitmap_index = 16404, .adv_w = 224, .box_w = 14, .box_h = 15, .ofs_x = 0, .ofs_y = -2},
    {.bitmap_index = 16509, .adv_w = 224, .box_w = 14, .box_h = 15, .ofs_x = 0, .ofs_y = -2},
    {.bitmap_index = 16614, .adv_w = 224, .box_w = 14, .box_h = 15, .ofs_x = 0, .ofs_y = -2},
    {.bitmap_index = 16719, .adv_w = 224, .box_w = 14, .box_h = 15, .ofs_x = 0, .ofs_y = -2},
    {.bitmap_index = 16824, .adv_w = 224, .box_w = 16, .box_h = 14, .ofs_x = -1, .ofs_y = -2},
    {.bitmap_index = 16936, .adv_w = 224, .box_w = 14, .box_h = 11, .ofs_x = 0, .ofs_y = 0},
    {.bitmap_index = 17013, .adv_w = 196, .box_w = 13, .box_h = 15, .ofs_x = 0, .ofs_y = -2},
    {.bitmap_index = 17111, .adv_w = 224, .box_w = 14, .box_h = 11, .ofs_x = 0, .ofs_y = 0},
    {.bitmap_index = 17188, .adv_w = 224, .box_w = 14, .box_h = 15, .ofs_x = 0, .ofs_y = -2},
    {.bitmap_index = 17293, .adv_w = 140, .box_w = 9, .box_h = 15, .ofs_x = 0, .ofs_y = -2},
    {.bitmap_index = 17361, .adv_w = 196, .box_w = 13, .box_h = 16, .ofs_x = 0, .ofs_y = -2},
    {.bitmap_index = 17465, .adv_w = 196, .box_w = 12, .box_h = 16, .ofs_x = 0, .ofs_y = -2},
    {.bitmap_index = 17561, .adv_w = 168, .box_w = 11, .box_h = 16, .ofs_x = 0, .ofs_y = -2},
    {.bitmap_index = 17649, .adv_w = 224, .box_w = 14, .box_h = 15, .ofs_x = 0, .ofs_y = -2},
    {.bitmap_index = 17754, .adv_w = 168, .box_w = 11, .box_h = 15, .ofs_x = 0, .ofs_y = -2},
    {.bitmap_index = 17837, .adv_w = 224, .box_w = 14, .box_h = 15, .ofs_x = 0, .ofs_y = -2},
    {.bitmap_index = 17942, .adv_w = 252, .box_w = 16, .box_h = 15, .ofs_x = 0, .ofs_y = -2},
    {.bitmap_index = 18062, .adv_w = 224, .box_w = 14, .box_h = 15, .ofs_x = 0, .ofs_y = -2},
    {.bitmap_index = 18167, .adv_w = 280, .box_w = 17, .box_h = 14, .ofs_x = 0, .ofs_y = -2},
    {.bitmap_index = 18286, .adv_w = 224, .box_w = 14, .box_h = 15, .ofs_x = 0, .ofs_y = -2},
    {.bitmap_index = 18391, .adv_w = 224, .box_w = 14, .box_h = 15, .ofs_x = 0, .ofs_y = -2},
    {.bitmap_index = 18496, .adv_w = 224, .box_w = 14, .box_h = 15, .ofs_x = 0, .ofs_y = -2},
    {.bitmap_index = 18601, .adv_w = 224, .box_w = 14, .box_h = 15, .ofs_x = 0, .ofs_y = -2},
    {.bitmap_index = 18706, .adv_w = 224, .box_w = 14, .box_h = 15, .ofs_x = 0, .ofs_y = -2},
    {.bitmap_index = 18811, .adv_w = 224, .box_w = 14, .box_h = 15, .ofs_x = 0, .ofs_y = -2},
    {.bitmap_index = 18916, .adv_w = 224, .box_w = 14, .box_h = 15, .ofs_x = 0, .ofs_y = -2},
    {.bitmap_index = 19021, .adv_w = 224, .box_w = 14, .box_h = 15, .ofs_x = 0, .ofs_y = -2},
    {.bitmap_index = 19126, .adv_w = 224, .box_w = 14, .box_h = 15, .ofs_x = 0, .ofs_y = -2},
    {.bitmap_index = 19231, .adv_w = 224, .box_w = 14, .box_h = 15, .ofs_x = 0, .ofs_y = -2},
    {.bitmap_index = 19336, .adv_w = 252, .box_w = 16, .box_h = 15, .ofs_x = 0, .ofs_y = -2},
    {.bitmap_index = 19456, .adv_w = 224, .box_w = 15, .box_h = 15, .ofs_x = 0, .ofs_y = -2},
    {.bitmap_index = 19569, .adv_w = 224, .box_w = 14, .box_h = 15, .ofs_x = 0, .ofs_y = -2},
    {.bitmap_index = 19674, .adv_w = 224, .box_w = 16, .box_h = 16, .ofs_x = -1, .ofs_y = -3},
    {.bitmap_index = 19802, .adv_w = 224, .box_w = 14, .box_h = 15, .ofs_x = 0, .ofs_y = -2},
    {.bitmap_index = 19907, .adv_w = 280, .box_w = 18, .box_h = 15, .ofs_x = 0, .ofs_y = -2},
    {.bitmap_index = 20042, .adv_w = 224, .box_w = 14, .box_h = 16, .ofs_x = 0, .ofs_y = -3},
    {.bitmap_index = 20154, .adv_w = 224, .box_w = 14, .box_h = 15, .ofs_x = 0, .ofs_y = -2},
    {.bitmap_index = 20259, .adv_w = 224, .box_w = 14, .box_h = 16, .ofs_x = 0, .ofs_y = -3},
    {.bitmap_index = 20371, .adv_w = 224, .box_w = 14, .box_h = 15, .ofs_x = 0, .ofs_y = -2},
    {.bitmap_index = 20476, .adv_w = 196, .box_w = 13, .box_h = 14, .ofs_x = 0, .ofs_y = -1},
    {.bitmap_index = 20567, .adv_w = 224, .box_w = 14, .box_h = 15, .ofs_x = 0, .ofs_y = -2},
    {.bitmap_index = 20672, .adv_w = 224, .box_w = 14, .box_h = 15, .ofs_x = 0, .ofs_y = -2},
    {.bitmap_index = 20777, .adv_w = 280, .box_w = 18, .box_h = 15, .ofs_x = 0, .ofs_y = -2},
    {.bitmap_index = 20912, .adv_w = 224, .box_w = 14, .box_h = 15, .ofs_x = 0, .ofs_y = -2},
    {.bitmap_index = 21017, .adv_w = 224, .box_w = 14, .box_h = 15, .ofs_x = 0, .ofs_y = -2},
    {.bitmap_index = 21122, .adv_w = 224, .box_w = 14, .box_h = 15, .ofs_x = 0, .ofs_y = -2},
    {.bitmap_index = 21227, .adv_w = 224, .box_w = 14, .box_h = 15, .ofs_x = 0, .ofs_y = -2},
    {.bitmap_index = 21332, .adv_w = 224, .box_w = 14, .box_h = 15, .ofs_x = 0, .ofs_y = -2},
    {.bitmap_index = 21437, .adv_w = 224, .box_w = 14, .box_h = 15, .ofs_x = 0, .ofs_y = -2},
    {.bitmap_index = 21542, .adv_w = 224, .box_w = 14, .box_h = 15, .ofs_x = 0, .ofs_y = -2},
    {.bitmap_index = 21647, .adv_w = 224, .box_w = 14, .box_h = 15, .ofs_x = 0, .ofs_y = -2},
    {.bitmap_index = 21752, .adv_w = 224, .box_w = 14, .box_h = 15, .ofs_x = 0, .ofs_y = -2},
    {.bitmap_index = 21857, .adv_w = 252, .box_w = 16, .box_h = 16, .ofs_x = 0, .ofs_y = -2},
    {.bitmap_index = 21985, .adv_w = 224, .box_w = 14, .box_h = 15, .ofs_x = 0, .ofs_y = -2},
    {.bitmap_index = 22090, .adv_w = 224, .box_w = 14, .box_h = 15, .ofs_x = 0, .ofs_y = -2},
    {.bitmap_index = 22195, .adv_w = 224, .box_w = 15, .box_h = 15, .ofs_x = -1, .ofs_y = -2},
    {.bitmap_index = 22308, .adv_w = 224, .box_w = 15, .box_h = 15, .ofs_x = -1, .ofs_y = -2}
};

/*---------------------
 *  CHARACTER MAPPING
 *--------------------*/

static const uint16_t unicode_list_0[] = {
    0x0, 0x1, 0x2, 0x3, 0x4, 0x11, 0x12, 0x13,
    0x14, 0x17, 0x18, 0x1a, 0x1f, 0x21, 0x22, 0x2b,
    0x2d, 0x3b, 0x41, 0x42, 0x43, 0x54, 0x55, 0x56,
    0x59, 0x5a, 0x6b, 0x6d, 0x70, 0x72, 0x78, 0x79,
    0x7d, 0x83, 0x84, 0x85, 0x86, 0x87, 0x91, 0x93,
    0x94, 0x9a, 0x9d, 0x9f, 0xa1, 0xa2, 0xa3, 0xa4,
    0xbf, 0xc2, 0xc4, 0xc5, 0xce, 0xdd, 0xe2, 0xe3,
    0xe7, 0xe8, 0xf0, 0xf3, 0xf4, 0xf5, 0xfb, 0x109,
    0x10e, 0x111, 0x112, 0x115, 0x116, 0x117, 0x119, 0x11a,
    0x120, 0x130, 0x141, 0x143, 0x144, 0x147, 0x14a, 0x14b,
    0x14d, 0x14e, 0x14f, 0x158, 0x159, 0x161, 0x162, 0x182,
    0x183, 0x18b, 0x18d, 0x18e, 0x18f, 0x193, 0x1aa, 0x1be,
    0x1bf, 0x1c0, 0x1c1, 0x1c2, 0x1c3, 0x1c4, 0x1c5, 0x1c6,
    0x1ca, 0x1d5, 0x1d6, 0x1d8, 0x1e0, 0x1e7, 0x1f3, 0x1f4,
    0x1f6, 0x207, 0x244, 0x245, 0x246, 0x247, 0x24a, 0x24d,
    0x24f, 0x251, 0x252, 0x253, 0x254, 0x255, 0x256, 0x257,
    0x258, 0x25a, 0x26e, 0x26f, 0x270, 0x271, 0x275, 0x276,
    0x277, 0x278, 0x280, 0x288, 0x289, 0x28a, 0x28b, 0x299,
    0x2b1, 0x2b2, 0x2b3, 0x2b4, 0x2b6, 0x2b7, 0x2b8, 0x2b9,
    0x2ba, 0x2bb, 0x2bd, 0x2be, 0x2bf, 0x2c0, 0x2cd, 0x2ce,
    0x2cf, 0x2d1, 0x2d9, 0x2ea, 0x2ff, 0x325, 0x32f, 0x34b,
    0x355, 0x356, 0x357, 0x358, 0x3a2, 0x3ce, 0x403, 0x40d,
    0x422, 0x437, 0x43c, 0x43e, 0x440, 0x442, 0x444, 0x459,
    0x47a, 0x4aa, 0x4c3, 0x4d7, 0x4e3, 0x553, 0x564, 0x576,
    0x577, 0x57c, 0x57d, 0x57e, 0x57f, 0x580, 0x581, 0x582,
    0x583, 0x584, 0x585, 0x586, 0x587, 0x588, 0x589, 0x58c,
    0x593, 0x594, 0x595, 0x596, 0x597, 0x598, 0x599, 0x5a1,
    0x5a2, 0x5b0, 0x5b1, 0x5b5, 0x5bd, 0x5bf, 0x5c5, 0x807,
    0x809
};

/*Collect the unicode lists and glyph_id offsets*/
static const lv_font_fmt_txt_cmap_t cmaps[] =
{
    {
        .range_start = 61443, .range_length = 2058, .glyph_id_start = 1,
        .unicode_list = unicode_list_0, .glyph_id_ofs_list = NULL, .list_length = 225, .type = LV_FONT_FMT_TXT_CMAP_SPARSE_TINY
    }
};

/*--------------------
 *  ALL CUSTOM DATA
 *--------------------*/

#if LVGL_VERSION_MAJOR == 8
/*Store all the custom data of the font*/
static  lv_font_fmt_txt_glyph_cache_t cache;
#endif

#if LVGL_VERSION_MAJOR >= 8
static const lv_font_fmt_txt_dsc_t font_dsc = {
#else
static lv_font_fmt_txt_dsc_t font_dsc = {
#endif
    .glyph_bitmap = glyph_bitmap,
    .glyph_dsc = glyph_dsc,
    .cmaps = cmaps,
    .kern_dsc = NULL,
    .kern_scale = 0,
    .cmap_num = 1,
    .bpp = 4,
    .kern_classes = 0,
    .bitmap_format = 0,
#if LVGL_VERSION_MAJOR == 8
    .cache = &cache
#endif
};

/*-----------------
 *  PUBLIC FONT
 *----------------*/

/*Initialize a public general font descriptor*/
#if LVGL_VERSION_MAJOR >= 8
const lv_font_t ui_font_awsome = {
#else
lv_font_t ui_font_awsome = {
#endif
    .get_glyph_dsc = lv_font_get_glyph_dsc_fmt_txt,    /*Function pointer to get glyph's data*/
    .get_glyph_bitmap = lv_font_get_bitmap_fmt_txt,    /*Function pointer to get glyph's bitmap*/
    .line_height = 17,          /*The maximum line height required by the font*/
    .base_line = 3,             /*Baseline measured from the bottom of the line*/
#if !(LVGL_VERSION_MAJOR == 6 && LVGL_VERSION_MINOR == 0)
    .subpx = LV_FONT_SUBPX_NONE,
#endif
#if LV_VERSION_CHECK(7, 4, 0) || LVGL_VERSION_MAJOR >= 8
    .underline_position = 0,
    .underline_thickness = 0,
#endif
    .dsc = &font_dsc,          /*The custom font data. Will be accessed by `get_glyph_bitmap/dsc` */
#if LV_VERSION_CHECK(8, 2, 0) || LVGL_VERSION_MAJOR >= 9
    .fallback = NULL,
#endif
    .user_data = NULL,
};

#endif /*#if UI_FONT_AWSOME*/